employee_id,first_name,last_name,email,hire_date,job_title,department,salary,manager_id,address,city,state,zip_code,birth_date,status
1001,Brian,Zuniga,brian.zuniga@mccarthy.com,2025-11-30,Software Engineer,Sales,117959.68,,394 Perkins Brook Suite 814,South Monica,PA,65254,1973-09-30,Active
1002,Anthony,Mayo,anthony.mayo@rodriguez-rodgers.com,2017-11-29,sales representative,SALES,90764.62,2003,03247 Theresa Fork Apt. 332,Liutown,AK,20485,1964-10-10,On Leave
1003,Michelle,Gonzalez,michelle.gonzalez@smith-richardson.com,2021-11-02,project manager,sales,135360.97,2002,790 Little Estates Apt. 142,West Gregorytown,AL,98870,1989-06-17,Active
1004,Brad,Ingram,brad.ingram@fisher.net,2021-01-13,Sales Representative,Sales,"$70,156.32",2003,450 Mcdonald Islands Apt. 376,South Charlesbury,SD,83039,1981-07-05,Active
1005,David,Doyle,david.doyle@pierce.com,2016-09-14,Sales Representative,IT,120360.37,,77850 Smith Pike,Dawnview,WI,58724,1960-09-21,Inactive
1006,Michelle,Simpson,michelle.simpson@soto.com,2023-11-22,Sales Representative,Sales,148184.2,2003,09921 Murphy Hill,East Phyllismouth,CO,84837,1981-02-28,Inactive
1007,Philip,Reed,philip.reed@thomas.net,2019-07-27,HR Specialist,IT,40191.03,2001,6740 Jeremy Ports Apt. 949,Dustinburgh,MN,70199,1974-04-10,On Leave
1008,Rebecca,Kidd,rebecca.kidd@torres.org,2018-09-16,Software Engineer,Sales,123494.86,2002,212 Holmes Spring Suite 279,East Mark,GA,86750,1996-09-16,Inactive
1009,Joshua,Hernandez,joshua.hernandez@velazquez.com,2018-12-11,Software Engineer,Analytics,121827.94,,14411 Barron Terrace,Shortstad,NV,32243,1974-09-27,Inactive
1010,Dawn,Walker,dawn.walker@riggs.net,2026-04-25,SALES REPRESENTATIVE,HR,"$132,190.66",2003,217 Patricia Views Apt. 691,Lopezland,MN,30225,1998-01-04,Active
1011,Paul,Parks,,2024-10-19,sales representative,HR,116877.37,2002,6174 Brittney Keys,Browntown,CO,35827,1999-01-13,On Leave
1012,Jennifer,Gonzalez,JENNIFER.GONZALEZ@WALSH.COM,2025-08-03,Data Analyst,HR,45106.93,2003,7411 Edward Fall,New Tony,TX,61006,1992-07-06,Inactive
1013,Julie,Leblanc,julie.leblanc@gomez.biz,2018-04-28,Sales Representative,IT,137829.62,2002,08492 Gamble Point Suite 963,Griffinchester,IN,83033,1991-11-15,Active
1014,Pamela,Sanders,pamela.sanders@hill.com,2024-04-13,HR Specialist,Analytics,"$120,056.57",,385 Phillips Cape,South Charlotte,SC,74630,1982-06-02,On Leave
1015,Ashley,Davis,ASHLEY.DAVIS@LIU.INFO,2021-10-30,Sales Representative,Sales,77115.62,,369 Paul Centers Apt. 224,Hancockborough,ND,58518,1977-04-28,On Leave
1016,Zachary,Gomez,zachary.gomez@morrow-yang.info,2016-10-26,Sales Representative,IT,132980.75,2001,0697 Jeffrey Spurs Apt. 141,North Joshua,ID,74107,1975-05-15,Inactive
1017,Adrienne,Moon,adrienne.moon@williams.com,2017-12-04,Data Analyst,Marketing,112219.42,,619 Love Stravenue,North Evelyn,PR,61484,2002-08-11,Inactive
1018,Allison,Hardy,allison.hardy@patton.net,2026-07-19,hr specialist,marketing,"$72,960.84",2003,32927 Jessica Ports,Mcdonaldmouth,NM,23386,2002-03-21,On Leave
1019,Michelle,Smith,MICHELLE.SMITH@DICKSON.INFO,2023-03-18,SOFTWARE ENGINEER,IT,79138.86,2003,80205 Jacob Estate,West Nicholas,RI,04538,1989-12-29,Inactive
1020,Diane,Davenport,diane.davenport@romero-moore.biz,2026-03-15,Software Engineer,Analytics,107568.9,2002,338 Michelle Trace,South Randallmouth,SD,13582,1967-09-21,Active
1021,Matthew,Turner,matthew.turner@mcknight.net,2021-04-07,Software Engineer,IT,"$128,936.60",2002,77300 Henson Street,Port Cassandra,MI,63307,2004-03-14,Inactive
1022,Christopher,Figueroa,christopher.figueroa@anderson.info,2023-12-17,Software Engineer,HR,128262.9,,1326 Stewart Glens,Port Michael,HI,59264,1993-06-12,Active
1023,Julia,Farmer,julia.farmer@juarez.com,2018-07-10,Software Engineer,Sales,"$144,739.42",2003,6005 Benson Springs,Westbury,ND,35526,1975-11-23,On Leave
1024,Lucas,Wiley,lucas.wiley@kirk-torres.com,2025-06-17,Project Manager,HR,70154.8,2002,84830 Wallace Cove Apt. 965,New Diane,CT,32507,1968-01-15,On Leave
1025,James,Torres,james.torres@rose.biz,2018-12-31,HR Specialist,IT,"$40,860.65",2003,4910 Emily Valley Suite 521,Joshuamouth,OR,31593,1979-03-04,On Leave
1026,Veronica,Davis,veronica.davis@walker.com,2020-10-11,HR Specialist,Sales,114841.26,2001,413 Jacob Park Apt. 824,South Jerryfurt,NE,80477,1961-06-11,Inactive
1027,Lynn,Swanson,lynn.swanson@lewis.com,2023-04-05,Software Engineer,Analytics,121693.7,,1743 Ashley Well,Port Meredith,NV,15509,1989-12-15,Active
1028,Karen,Hoffman,karen.hoffman@reed-cisneros.com,2024-08-26,HR Specialist,Sales,101092.35,,673 Mercado Land Apt. 570,Michaelmouth,LA,39772,1999-02-27,Inactive
1029,Micheal,Marquez,micheal.marquez@adams-cobb.com,2023-12-18,Sales Representative,Sales,113979.77,2003,613 Scott Ranch Suite 493,Shaneshire,AR,29961,1996-05-31,On Leave
1030,Pamela,Meyer,pamela.meyer@lopez-crawford.com,2017-08-21,Sales Representative,Analytics,"$57,673.85",2003,512 Donna Fields Apt. 141,West Michaelstad,VA,55459,1996-03-18,Inactive
1031,Michael,Henderson,michael.henderson@cabrera.net,2021-04-16,Project Manager,Marketing,114737.56,2002,780 Carlson Field Apt. 234,Billychester,NY,41575,1997-05-21,Active
1032,Kathryn,Wilson,kathryn.wilson@rojas.org,2025-06-25,Data Analyst,Sales,"$119,655.21",2002,655 Kristen Roads,Brooksmouth,WV,60712,1999-07-31,Active
1033,Jeremy,Beck,jeremy.beck@acosta.com,2022-11-24,Sales Representative,HR,"$68,130.84",2003,297 Davis Flats,Amyland,DC,17570,1997-07-03,On Leave
1034,Melissa,Monroe,melissa.monroe@campbell.com,2016-09-17,Sales Representative,Marketing,62825.33,2002,2418 John Knoll,Beckyberg,PW,14182,1998-07-04,On Leave
1035,Casey,Jackson,casey.jackson@chavez.com,2024-09-10,Data Analyst,Analytics,70283.18,2002,554 Moore Circles,Smithside,NC,09427,1984-07-08,Inactive
1036,Wendy,Howard,,2023-12-26,HR SPECIALIST,it,73247.68,2003,12201 Mark Parkway Apt. 206,Christopherberg,PA,06201,1964-11-21,Active
1037,James,Rodriguez,JAMES.RODRIGUEZ@BRADSHAW.COM,2024-06-27,Project Manager,Sales,59588.4,,512 Ferguson Ford,East Danielleberg,IN,50720,1978-05-24,Inactive
1038,Tonya,Logan,tonya.logan@carter.com,2024-06-29,HR SPECIALIST,hr,"$115,603.08",2002,85305 Odonnell Rue Suite 578,Michaelmouth,WA,49238,1975-08-12,Inactive
1039,Walter,White,walter.white@richards.info,2025-10-01,HR Specialist,IT,136201.29,2003,7211 Aguilar Tunnel Suite 382,North David,FL,61281,1997-01-19,Active
1040,Cameron,Brown,CAMERON.BROWN@JONES-HURST.COM,2020-05-07,Sales Representative,Marketing,132225.8,2001,3358 Luna Cliff Apt. 458,Patriciahaven,SD,83083,1995-10-30,On Leave
1041,Andrew,Stewart,andrew.stewart@rios.com,2020-06-12,HR Specialist,Marketing,"$128,996.90",,339 Powers Vista,Wilsonville,KS,61827,1964-11-27,Inactive
1042,Brenda,Smith,brenda.smith@hood-dixon.com,2018-08-08,HR Specialist,Analytics,54023.48,2003,79585 Amy Canyon,Boydfurt,VT,40306,1997-11-30,Inactive
1043,Lisa,Johnson,lisa.johnson@wise.info,2018-09-14,Software Engineer,Marketing,"$95,096.14",2002,4752 Kenneth Plain,Melissaport,DC,79226,1991-10-03,Active
1044,Brian,Best,brian.best@yang.com,2024-09-19,Data Analyst,HR,119483.07,2002,586 Tracy Turnpike Suite 662,North Marytown,SD,47539,1986-10-27,Inactive
1045,Charles,Murray,charles.murray@acosta-banks.com,2017-12-28,Project Manager,Marketing,126894.82,2002,61254 Megan Glen,South Diana,RI,19111,2003-08-22,On Leave
1046,Edwin,Hammond,edwin.hammond@welch-lynch.com,2020-06-23,Software Engineer,HR,96754.26,2002,951 King Isle,Port Kelseyland,DC,42347,1988-11-22,Inactive
1047,Courtney,Sullivan,courtney.sullivan@ramirez.com,2018-09-01,Software Engineer,HR,138532.34,2001,56310 Stacy Gardens Apt. 841,Mollybury,NH,47408,1983-11-19,Active
1048,James,Olson,james.olson@brown.com,2024-01-30,Project Manager,IT,40487.41,2002,16982 Teresa Ridge Suite 739,Aaronshire,TN,12811,1976-04-06,Active
1049,Teresa,Carlson,TERESA.CARLSON@FORBES.NET,2021-07-05,Software Engineer,Analytics,84477.14,2003,400 Beck Squares,Anneberg,AK,57388,1995-11-03,Inactive
1050,Randall,Clark,randall.clark@costa-henry.com,2022-04-06,software engineer,marketing,114409.93,2002,00106 Jacob Valley,North Josephmouth,NY,37866,1978-03-04,Active
1051,Janice,Garcia,janice.garcia@wilson.com,2017-04-25,Data Analyst,Marketing,71456.16,2002,1848 Randy Ridges,West Cynthiaburgh,NJ,34494,1980-09-12,Inactive
1052,Victoria,Ramirez,,2022-07-22,Data Analyst,HR,137548.9,2001,02637 Ramirez Causeway Suite 329,West Chrisland,NV,17155,1993-06-22,On Leave
1053,Eric,Marshall,eric.marshall@weaver-brown.net,2026-07-06,PROJECT MANAGER,sales,43783.86,,51368 Johnson Terrace,Brownport,NV,15632,2000-12-13,On Leave
1054,Brian,Chung,brian.chung@middleton.com,2022-12-04,project manager,analytics,"$107,877.38",2001,7912 Benjamin Islands Apt. 313,Kristinville,CO,17603,1989-06-11,Active
1055,Shaun,Koch,shaun.koch@fields.com,2018-03-24,Project Manager,IT,87558.52,2002,599 Matthew View,Smithside,MA,43832,1997-05-01,On Leave
1056,Charles,Maldonado,charles.maldonado@garcia-ortiz.com,2022-10-22,DATA ANALYST,ANALYTICS,74251.19,,103 Snyder Stream,Joneschester,NE,47571,1996-03-17,Active
1057,Gene,Hood,gene.hood@mclaughlin.net,2026-10-14,HR Specialist,HR,60223.76,2001,6121 Wilson Prairie Apt. 721,Shawntown,DE,36555,1985-02-22,Inactive
1058,Scott,Turner,scott.turner@mullins-snyder.org,2021-04-15,Project Manager,HR,"$90,803.64",2001,981 Guzman Street Suite 596,Lake Davidborough,GA,25342,1974-08-15,Active
1059,Matthew,Harris,matthew.harris@company,2017-04-07,hr specialist,marketing,66459.06,2003,297 Whitney Estate,East Rhonda,ME,72200,1991-02-14,Inactive
1060,Patrick,Smith,patrick.smith@cook-gutierrez.info,2017-12-01,HR Specialist,Analytics,87082.09,,07076 Lewis Square Apt. 027,South Julie,UT,80052,1984-01-08,Active
1061,Andrew,Vazquez,,2017-01-03,Project Manager,Marketing,84030.61,2001,34374 Crystal Fall Suite 742,West Larryhaven,NY,89941,2000-07-03,Active
1062,Nicole,Pruitt,nicole.pruitt@@company.com,2020-10-08,DATA ANALYST,hr,"$95,118.36",2001,554 Morgan Heights Apt. 207,Gregoryborough,OH,06264,1985-08-22,On Leave
1063,Heather,Thompson,heather.thompson@kim.com,2020-11-28,Software Engineer,IT,79646.38,,9634 Day Divide Suite 135,Amberland,WY,62829,1977-05-19,Active
1064,Micheal,Goodman,micheal.goodman@clay-sanders.com,2027-03-23,Sales Representative,Analytics,"$138,420.74",2001,425 Shields Light Apt. 806,Mossbury,IN,80593,1972-07-10,On Leave
1065,Robert,Myers,ROBERT.MYERS@MULLINS-NGUYEN.COM,2026-02-05,HR Specialist,Marketing,"$133,172.65",,6393 Kelsey Plaza Apt. 294,West Mario,WI,10274,1990-11-14,On Leave
1066,Elizabeth,Turner,elizabeth.turner@zhang.com,2019-10-17,HR Specialist,HR,86348.75,,9089 John Orchard,Henrybury,UT,07575,1962-01-25,Inactive
1067,Christopher,Reeves,christopher.reeves@gallagher.org,2024-06-29,SOFTWARE ENGINEER,analytics,"$75,203.61",,9646 Randy View Suite 554,West Sarahstad,ND,65324,1991-05-06,Active
1068,Jeffrey,Tyler,jeffrey.tyler@frazier.com,2022-04-07,Software Engineer,HR,"$132,254.07",2001,3069 Wendy Rapid,North Robert,OK,72218,1965-07-08,On Leave
1069,Maria,Bauer,maria.bauer@dominguez.biz,2024-11-10,Software Engineer,IT,"$60,950.79",2003,5994 Nicole Rue,Foxhaven,PR,91779,1968-02-11,On Leave
1070,Teresa,Lewis,teresa.lewis@obrien.info,2019-08-26,SOFTWARE ENGINEER,IT,"$50,943.31",2001,99647 Kennedy Shoals Suite 236,Jameston,MO,78151,1995-07-05,Active
1071,Dakota,Johns,dakota.johns@gamble-singh.com,2019-12-19,DATA ANALYST,SALES,127727.42,2001,187 Rogers Parks Suite 759,Taylorton,AZ,12345,1963-12-06,Inactive
1072,Russell,Gomez,russell.gomez@smith.com,2019-01-06,HR Specialist,Sales,100086.48,,45768 Patricia Greens,Williamhaven,MT,78239,1995-02-14,Active
1073,Jason,Vasquez,jason.vasquez@mcgee.com,2021-10-02,Software Engineer,HR,121078.47,2003,863 Watson Isle Suite 719,Jacksonland,WV,43647,1971-08-01,Active
1074,Kenneth,Gutierrez,kenneth.gutierrez@miller.com,2025-03-28,Software Engineer,Analytics,"$110,240.09",2001,014 Reynolds Station Suite 138,Ashleyborough,WY,67821,1962-12-21,On Leave
1075,Jason,Coleman,jason.coleman@wilcox-le.net,2022-08-17,Project Manager,Marketing,61124.47,2002,829 Jerry Rest Suite 015,Lake Leroy,KS,79304,1974-11-15,On Leave
1076,Christine,Chavez,christine@.com,2020-07-31,software engineer,SALES,88996.6,2002,73177 Margaret Glens,Lake Erin,UT,55188,1993-06-26,Active
1077,Mckenzie,Frederick,mckenzie.frederick@cummings.org,2018-11-26,Data Analyst,Marketing,60882.42,2002,1463 Johnson Drive Suite 916,Cassidyfort,ND,16010,1983-05-30,On Leave
1078,Cheryl,Wilson,cheryl.wilson@martinez-morgan.com,2022-11-08,Data Analyst,Analytics,114335.38,2001,86002 Emily Mill,Joannton,WV,45793,1972-11-13,On Leave
1079,Alexis,Smith,alexis.smith@mcclure.info,2024-06-18,Sales Representative,Analytics,"$40,048.34",2003,232 William Crossroad Suite 964,Danielstown,KY,72497,1995-08-08,On Leave
1080,Brandon,Wagner,brandon.wagner@castillo-larson.info,2022-04-02,HR Specialist,Marketing,66162.88,,883 Dawn Overpass Apt. 926,North Sandyport,GA,23371,2000-12-06,On Leave
1081,Erica,Deleon,erica.deleon@rich-robinson.org,2024-11-29,Software Engineer,Sales,118524.72,2002,48471 Sonya Street,Nicholsfort,KS,30898,1980-04-15,Inactive
1082,Karen,Barrett,karen.barrett@castillo.com,2023-12-23,HR Specialist,Sales,95077.27,2001,160 Dave Inlet,Montgomeryburgh,MD,75671,1977-08-08,Active
1083,Chad,Yoder,chad.yoder@hutchinson.com,2021-12-28,Project Manager,IT,109104.74,2003,4100 Wright Common,Ramirezland,MO,11309,1991-05-14,Active
1084,Sean,Shannon,sean.shannon@thomas.com,2022-11-21,Sales Representative,Marketing,78296.77,2002,3059 Jennifer Corner,Lake Michelle,ID,42516,1966-10-24,Active
1085,David,Young,david.young@walsh.com,2018-01-17,Data Analyst,HR,76859.95,,667 Julie Terrace Apt. 847,Hannafort,WA,88655,1969-01-10,Active
1086,Wayne,Ward,wayne.ward@montoya-miller.com,2018-08-25,Data Analyst,Marketing,"$93,278.66",2002,7356 Craig Hill Apt. 631,Port Kathrynhaven,NC,87440,1999-03-08,Inactive
1087,Sara,Dickerson,sara.dickerson@aguilar.net,2019-06-12,Data Analyst,HR,"$66,084.97",2003,039 Pamela Mountain,Lake Elizabethview,TX,65623,1961-04-19,On Leave
1088,Jonathan,Haley,jonathan.haley@nelson.com,2021-02-24,Software Engineer,Analytics,132787.1,2002,36306 Jones Spurs Apt. 697,East Rubenbury,DC,20039,1968-06-03,Inactive
1089,Kathleen,Lowery,,2019-12-28,HR SPECIALIST,HR,"$88,437.91",2002,4442 Stein Shores,Lake Lorishire,PA,13953,1987-06-21,On Leave
1090,Shane,Butler,shane.butler@mccoy.biz,2024-11-30,DATA ANALYST,MARKETING,73802.19,2001,8507 Amy Bridge Apt. 677,Meganberg,WV,26531,1990-06-16,On Leave
1091,Jamie,Fowler,JAMIE.FOWLER@WELLS.BIZ,2025-05-16,Project Manager,Marketing,117544.04,,940 Bell Mountains Suite 538,Wadestad,VT,54148,1979-04-05,On Leave
1092,Steven,Carter,steven@same.com,2019-05-01,DATA ANALYST,IT,62247.29,,9007 Jason Shoal Apt. 433,Lindaton,MA,32785,1995-06-18,Inactive
1093,Christopher,Khan,christopher.khan@campbell-bass.net,2025-04-22,DATA ANALYST,analytics,69901.37,2001,11173 John Streets,North Morgantown,PA,58545,1973-10-14,On Leave
1094,Michelle,Davis,michelle.davis@company,2023-11-07,HR Specialist,Sales,"$117,951.02",,36585 Richardson Circle,Benjaminshire,GA,36810,1960-09-05,On Leave
1095,Kim,Preston,KIM.PRESTON@EDWARDS-KELLER.INFO,2020-05-02,Sales Representative,Analytics,106595.75,2001,85888 Kenneth Ferry,Jamesborough,WV,63530,1985-08-23,Inactive
1096,Kimberly,Webster,KIMBERLY.WEBSTER@DUNCAN.COM,2026-03-31,Project Manager,Analytics,94997.69,,81644 Thompson Club,Walshchester,CA,13379,1965-01-15,On Leave
1097,William,Underwood,william.underwood@miles.com,2020-06-02,Data Analyst,Sales,"$87,800.01",2002,18129 Burton Circles Apt. 338,New Jennifermouth,AS,13544,1963-11-15,On Leave
1098,Tyler,Harrington,tyler.harrington@flores-gordon.com,2016-07-30,software engineer,hr,"$52,768.98",2001,963 Robert Fort,Codyborough,PA,39394,1971-11-21,Inactive
1099,Dana,Becker,dana.becker@lam.org,2020-01-27,HR SPECIALIST,hr,"$145,875.46",,5854 Katherine Greens Apt. 608,Sawyershire,CO,28727,2002-04-22,Active
1100,Nicole,Mccullough,,2023-05-02,project manager,sales,"$113,661.91",2003,5412 Ford Mill,Jonesland,MD,46528,1967-05-05,Inactive
1101,Shelby,Henderson,shelby.henderson@martin.com,2019-08-02,HR Specialist,Analytics,"$61,423.07",2002,951 David Drives Suite 665,East Joyhaven,AS,80487,1978-04-29,Active
1102,Bruce,Macdonald,bruce@note.com,2021-04-26,HR Specialist,Analytics,120017.22,2002,4392 Knight Village Apt. 842,New Denisestad,PW,44597,1982-08-11,On Leave
1103,Rebekah,Montes,rebekah.montes@thomas.com,2018-01-17,Data Analyst,IT,"$81,643.39",2002,353 Dixon Turnpike,Cookview,SC,78669,1962-03-13,On Leave
1104,Debbie,Dominguez,debbie.dominguez@stanley.org,2021-01-31,Project Manager,HR,148621.66,2001,49085 Jeremy Prairie Apt. 853,Evansfort,WV,14240,1978-05-16,On Leave
1105,Julie,Adams,,2023-10-29,Data Analyst,HR,75985.27,,59733 Miles Cliffs Suite 178,Suarezport,DE,28755,1971-11-06,Inactive
1106,Becky,Murphy,becky@loss.com,2022-10-16,SOFTWARE ENGINEER,HR,136264.56,2002,4322 Morgan Terrace Apt. 230,New Morganton,HI,32106,2003-11-18,Active
1107,Natasha,Foster,natasha@appear.com,2020-10-20,Sales Representative,HR,"$148,008.08",,91887 Wilson Park,Reidport,GA,54015,1984-10-07,On Leave
1108,Peter,Shelton,peter.shelton@hayes-robinson.com,2024-12-11,Sales Representative,IT,116813.56,,20485 Jonathan Extensions,West Wendyport,TN,42072,1987-04-05,Active
1109,Justin,Rosales,justin.rosales@mills.biz,2024-07-18,Data Analyst,Analytics,58410.48,2002,47232 Stephanie Point Suite 998,Leechester,NE,62667,1990-03-07,Inactive
1110,Ashley,Simpson,ASHLEY.SIMPSON@GREGORY.COM,2018-12-18,sales representative,marketing,80069.1,2001,67664 Parker Street,Lake Janet,NV,92749,1988-05-11,On Leave
1111,John,Mccoy,john.mccoy@kim-vazquez.com,2026-08-23,Software Engineer,HR,68712.21,,08738 Schneider Mountains Apt. 544,West Mark,WA,85235,1967-10-21,On Leave
1112,Shane,Ramirez,shane.ramirez@jackson-collins.net,2022-04-13,Sales Representative,Sales,"$47,660.05",,047 Davis Lake Suite 275,Marcusmouth,IL,22325,1962-09-08,On Leave
1113,Ryan,Burgess,ryan.burgess@wright-morgan.biz,2025-06-29,Software Engineer,IT,"$108,597.76",2002,61124 Stephanie Stravenue Apt. 974,New Pedro,VT,07833,1974-12-10,Inactive
1114,Dana,Jenkins,dana.jenkins@aguilar-conrad.com,2018-09-04,Software Engineer,IT,120367.57,2001,12227 Salazar Junctions Suite 051,Brownport,WV,86408,1995-05-05,Active
1115,Gregg,Garza,gregg.garza@mullins-powers.net,2022-12-17,Sales Representative,HR,64052.44,2002,21678 Francis Ferry Apt. 565,Kendrahaven,MS,11302,1982-03-22,Inactive
1116,Leonard,York,leonard.york@malone.com,2018-05-26,Data Analyst,Analytics,112700.04,2001,4454 Brown Camp,Johnton,NM,70107,2001-07-16,Active
1117,David,Smith,david.smith@boyd.net,2020-07-12,HR Specialist,IT,110830.39,2002,65811 Miller Street,New Crystalfurt,SD,35147,1999-12-10,On Leave
1118,Alicia,Williams,alicia.williams@white-mcmahon.com,2021-10-13,HR Specialist,IT,"$118,398.47",,4681 Nichols Way,East Christopher,IL,11970,1968-03-27,On Leave
1119,Sean,Gross,sean.gross@petersen.biz,2021-04-02,Software Engineer,Sales,122374.34,2003,829 Cheryl Mountain Apt. 524,Brandyside,MD,21795,1961-02-04,On Leave
1120,Ann,Roberson,ann@.com,2019-07-22,project manager,marketing,55533.86,,5983 Warner Haven Suite 617,South Robert,GU,59141,1986-05-17,Inactive
1121,Alexander,Williams,alexander.williams@perez.com,2018-11-11,HR SPECIALIST,hr,63474.92,,27534 Miller Extension Suite 996,Laurabury,AL,40926,1984-10-29,Active
1122,Matthew,Pena,matthew.pena@patel.com,2025-12-29,Project Manager,HR,92885.31,2003,31497 Rivera Camp Apt. 691,Dianeberg,OK,14250,1975-02-23,Inactive
1123,John,Hawkins,john.hawkins@mccullough.org,2018-01-02,Project Manager,Analytics,"$100,083.21",2001,44338 Paul Loop Suite 977,New Janet,KS,12233,1973-05-21,Inactive
1124,Cole,Barry,cole.barry@steele.com,2020-03-14,Sales Representative,Sales,142739.0,2003,264 Amy Prairie Apt. 975,Contrerasside,PW,23435,1979-06-12,Inactive
1125,Anthony,Miller,anthony.miller@torres-anderson.com,2026-02-14,Software Engineer,Marketing,82438.7,2003,707 Herring Lake,Michaelview,VT,71627,1998-12-19,On Leave
1126,Thomas,Suarez,thomas.suarez@henderson-bishop.org,2025-08-10,DATA ANALYST,marketing,"$50,355.82",2003,4706 Kristie Mall Apt. 212,Beststad,RI,03671,1979-12-25,Active
1127,Sarah,Patel,sarah.patel@@company.com,2018-10-17,HR SPECIALIST,SALES,85477.57,,483 Lewis Trail,Rosalesmouth,VI,87875,1968-10-08,Inactive
1128,Jason,Maldonado,jason.maldonado@morrow.org,2023-12-27,HR Specialist,IT,111150.24,2003,845 Porter Centers,Joseside,MN,46938,1987-05-21,Active
1129,Christopher,Spencer,christopher.spencer@romero.com,2020-01-10,Project Manager,Analytics,40925.19,2001,10927 Trujillo Brooks Suite 695,Gilbertchester,WV,73439,2001-05-03,Active
1130,Erica,Malone,erica.malone@higgins.com,2018-02-10,Project Manager,Sales,92243.08,,2773 Thomas Terrace Apt. 714,Port Bob,OH,08184,1986-08-04,On Leave
1131,Amanda,Reynolds,amanda.reynolds@wu.net,2019-02-26,Data Analyst,HR,70551.3,2002,51192 Hoffman Stravenue Suite 628,Priceton,AL,59138,1972-01-06,Inactive
1132,Christine,Hart,christine@us.com,2022-07-24,Data Analyst,Marketing,143458.6,2001,928 Katie Radial Suite 903,New Adam,OK,46365,2003-11-08,Active
1133,Matthew,Miller,matthew.miller@chavez.com,2022-09-30,HR Specialist,Sales,42985.58,2002,79214 Holland Stravenue,Shannonstad,SD,08782,1988-06-01,Active
1134,Joseph,Velez,joseph.velez@weiss.org,2023-05-16,Software Engineer,IT,97393.5,2003,57240 Luna Meadows Suite 084,Port Jamie,IN,30604,2001-12-14,On Leave
1135,Michael,Peterson,MICHAEL.PETERSON@WILSON.BIZ,2023-10-26,Software Engineer,Sales,"$71,562.46",2002,266 Erika Square,New Melissa,AK,92382,1986-07-29,On Leave
1136,Jared,Cook,jared.cook@bonilla-hicks.com,2022-05-04,Project Manager,Analytics,92853.86,,83580 Oneal Knoll,South Debra,ME,82087,1978-12-17,On Leave
1137,Dana,Snyder,dana.snyder@moses.info,2021-02-23,Data Analyst,HR,109513.04,2003,847 Fowler Mission Suite 850,Alvarezfort,MI,48878,1963-09-20,Active
1138,Kristen,Fisher,kristen.fisher@@company.com,2023-05-12,Project Manager,Marketing,144004.16,2002,86561 Maddox Pass Suite 516,Lake Alexland,ID,13718,1999-01-01,Active
1139,Amanda,Reed,amanda.reed@perez-christensen.com,2017-08-09,Software Engineer,HR,94889.57,2003,3907 Matthew Spring,East Brianbury,RI,22338,1975-07-28,Inactive
1140,Darlene,Moore,darlene.moore@roberts.com,2016-10-22,Project Manager,HR,"$148,994.37",2002,875 Charles Dam Apt. 662,North Elizabeth,AR,63360,1978-10-26,On Leave
1141,Sean,Moore,sean.moore@koch.com,2021-06-18,software engineer,marketing,124588.56,2002,366 Thomas Ville,Romerochester,NJ,07822,1965-05-31,Inactive
1142,Charles,Blackwell,CHARLES.BLACKWELL@JACKSON.ORG,2024-03-22,HR Specialist,Marketing,88536.75,2003,45452 Sheri Corner Apt. 536,Beckmouth,FM,79886,1981-01-11,On Leave
1143,John,Butler,john.butler@rivera.com,2022-01-03,Data Analyst,IT,75533.05,,7051 Keith Expressway Suite 160,New Amyburgh,ME,47187,1994-07-15,Inactive
1144,Tiffany,Coleman,tiffany.coleman@@company.com,2023-10-17,HR Specialist,Sales,70140.3,2001,3817 George Creek,East Judy,VA,69407,1984-08-02,Inactive
1145,Thomas,Olson,thomas.olson@hoffman.net,2024-03-28,Sales Representative,IT,135119.26,2003,7974 Marcia Vista,Hatfieldchester,DC,90596,1962-07-15,On Leave
1146,Shannon,Thornton,shannon.thornton@pollard-turner.com,2022-04-25,Project Manager,Marketing,45114.41,2002,65634 Payne Fort,New Jenniferville,AR,98367,1984-08-23,Active
1147,Ashley,Richardson,,2016-06-10,Data Analyst,HR,91182.9,2003,4726 Phillip Burg Suite 352,Smallside,TN,90541,1997-07-01,On Leave
1148,Matthew,Lewis,matthew.lewis@brown.com,2022-05-13,Sales Representative,Analytics,79086.77,2003,853 Krause Village Apt. 459,Lopezshire,OK,95556,1996-08-27,On Leave
1149,John,Richardson,john.richardson@palmer.com,2018-07-14,Project Manager,Marketing,50579.8,2001,84233 Cruz Circles Apt. 352,Margaretfurt,OK,79339,1971-04-15,On Leave
1150,Wanda,Dickson,wanda.dickson@turner.com,2017-06-05,SOFTWARE ENGINEER,MARKETING,148152.23,2003,246 Serrano Forest Suite 068,Michaelchester,PW,77084,1963-09-29,Active
1151,John,Roth,john.roth@sullivan.org,2023-06-04,hr specialist,IT,124345.17,2001,02545 Clark Union Suite 760,South Samuel,GU,89858,1990-06-24,Active
1152,Christopher,Hoover,christopher@.com,2027-03-10,SOFTWARE ENGINEER,HR,63412.68,,877 Nelson Estates Apt. 329,East Jenniferville,NV,90998,1963-03-16,On Leave
1153,Mason,Thomas,mason.thomas@butler.com,2016-05-08,HR SPECIALIST,sales,109655.46,2001,1304 Carrie Walks Suite 857,Anthonyshire,NC,83852,1970-03-15,Inactive
1154,Katherine,Johnson,katherine.johnson@manning-moore.com,2016-09-08,sales representative,it,63603.86,2003,34940 Jennifer Extensions,Carolynstad,MD,50797,1987-10-03,Active
1155,John,Livingston,john.livingston@cannon.net,2022-05-05,Software Engineer,HR,130983.47,2003,097 Wyatt Villages,Reginaldport,PW,01206,1989-05-31,Inactive
1156,Alejandro,Bush,alejandro.bush@roberts.com,2019-11-01,Data Analyst,HR,124467.64,,35516 Wood Passage,South Edwardburgh,NJ,05965,1985-12-20,Inactive
1157,Brian,Kane,brian.kane@baker.net,2023-10-31,Project Manager,Analytics,66986.46,2001,0321 Morris Walk,West Kennethmouth,CO,79210,1996-09-19,Inactive
1158,Andrew,Myers,,2021-10-17,SOFTWARE ENGINEER,analytics,"$119,080.04",2002,192 George Motorway,Hensleystad,ID,80859,1964-10-05,On Leave
1159,Tiffany,Lopez,tiffany.lopez@company,2019-04-17,Sales Representative,Sales,141889.55,2001,68039 Timothy Mission Apt. 215,Port Jennifershire,NJ,53407,1986-02-10,Active
1160,Paula,Collins,paula@tell.com,2018-12-12,Sales Representative,Analytics,78712.03,2001,93879 Alyssa Lakes,Port Bryan,UT,16807,1966-09-14,On Leave
1161,Robin,Curtis,ROBIN.CURTIS@COOK.COM,2023-01-12,Project Manager,IT,148447.22,2003,27325 Haynes Isle Apt. 776,South Dianaview,VA,47189,1999-01-27,On Leave
1162,Cassie,Barton,cassie@.com,2017-12-25,Software Engineer,Sales,127548.67,2003,27207 Koch Well Apt. 121,South Michele,MP,04091,1979-09-03,Active
1163,Carolyn,Taylor,CAROLYN.TAYLOR@FLETCHER.COM,2018-06-08,Sales Representative,Analytics,"$65,113.10",2003,899 Johnston Mountain,New Terrence,AL,30411,1968-02-09,On Leave
1164,Kelly,Gibson,KELLY.GIBSON@HERNANDEZ-BROWN.COM,2019-05-15,Software Engineer,HR,76808.13,2003,6772 Bradley Meadow Suite 398,Davidside,NH,04659,1963-05-03,Active
1165,Carrie,Riggs,carrie.riggs@richardson.com,2021-07-28,Data Analyst,IT,"$101,828.49",,9958 Fields Common Suite 390,Jenniferbury,NJ,34434,1963-01-22,On Leave
1166,Noah,Coleman,noah.coleman@@company.com,2024-03-04,Sales Representative,Analytics,143128.92,2002,545 Brett Lane,West Nathan,GA,28707,2001-10-01,Inactive
1167,Joseph,Sanchez,joseph.sanchez@bell.biz,2022-02-23,Sales Representative,Sales,80961.94,2003,07594 Robert Locks Suite 820,Lake Austinborough,AL,52413,1990-01-12,On Leave
1168,Eric,Flynn,eric.flynn@weeks.com,2017-07-08,Sales Representative,IT,102220.1,,93016 Steven Mission,North Richard,MN,58889,1978-02-22,Active
1169,Lisa,Frank,lisa.frank@kirk-collins.info,2022-03-26,Data Analyst,HR,142399.58,2001,67358 Rodney Roads,Morganbury,HI,27583,1990-05-11,On Leave
1170,Jonathan,Kaufman,jonathan.kaufman@brooks.com,2023-03-09,Project Manager,Analytics,141802.23,2002,045 Wilson Islands Suite 513,Bryanbury,DE,40273,1969-01-05,Active
1171,Austin,Jimenez,austin.jimenez@haas.info,2025-03-18,Software Engineer,Analytics,84181.89,2001,59072 Megan Cliff Apt. 309,East Jessicafurt,PA,06609,1979-07-12,Inactive
1172,Janet,Beasley,janet.beasley@pollard-anderson.com,2025-01-04,Data Analyst,Marketing,73213.94,2003,5564 Andrew Manor,Aliciastad,WA,90602,1990-03-18,On Leave
1173,Teresa,Patterson,teresa.patterson@herrera.org,2020-05-07,Project Manager,Sales,"$57,390.62",2003,5300 Anthony Village,North Brandon,UT,81079,1969-07-16,Inactive
1174,William,Whitehead,william.whitehead@roth-frye.com,2017-07-29,HR Specialist,IT,76960.64,2001,5857 Schultz Forest,Lake Ethanshire,DC,95202,1965-04-17,Inactive
1175,Wayne,Sandoval,wayne.sandoval@hall-robinson.com,2017-09-17,Project Manager,Marketing,"$89,426.99",2003,94316 Phillips Camp,Vincentview,OR,47011,1966-06-28,On Leave
1176,Richard,Vargas,richard.vargas@george.com,2019-05-08,Software Engineer,IT,"$42,288.60",2003,823 Lisa Drives,Williamport,NJ,85378,1974-04-28,Inactive
1177,Gregory,Holmes,gregory.holmes@guerra-ford.biz,2018-07-30,Data Analyst,Sales,97603.68,2003,7773 Wilson Glens Suite 436,Gabrielborough,ME,30920,1962-05-02,On Leave
1178,Sonia,Rosario,sonia@entire.com,2024-09-26,project manager,ANALYTICS,117009.7,2003,1182 Thomas Vista,Port Nicole,SD,35089,1967-11-09,On Leave
1179,Tonya,Evans,,2016-12-23,HR Specialist,IT,138129.54,2002,1834 Charles Turnpike Apt. 573,Lake Joseph,MT,12634,1995-05-13,On Leave
1180,Jeremy,Lee,jeremy.lee@jordan.com,2020-03-10,HR Specialist,Marketing,121276.73,2002,99085 Pena Inlet,West Kayla,AR,80568,1998-10-03,Active
1181,Melody,Wright,melody.wright@padilla.org,2026-11-21,Sales Representative,HR,"$57,560.97",,26762 Thompson Loop Suite 534,Seanborough,DE,53590,2004-02-24,Inactive
1182,Brittney,Mendez,brittney.mendez@norman.com,2019-08-27,Project Manager,HR,"$42,873.87",2002,4484 Braun Harbor Suite 695,Port Stephanie,VT,21868,1994-03-27,On Leave
1183,John,Lee,JOHN.LEE@CUNNINGHAM.COM,2025-02-05,DATA ANALYST,HR,"$58,178.81",,37402 Lorraine Forge,Garciaville,MT,73869,2000-08-01,Inactive
1184,Keith,Martin,keith.martin@rodriguez.org,2020-11-22,Project Manager,Analytics,128685.14,,7438 Craig Junctions,Wagnerville,NJ,66166,1984-01-22,On Leave
1185,Ashley,Young,ashley.young@burns.com,2025-09-14,Data Analyst,Marketing,"$147,605.01",2002,792 Patrick Mission,Caitlinberg,AL,44941,1974-01-09,Inactive
1186,Megan,Leach,megan.leach@allen-mendez.com,2018-11-02,Data Analyst,Sales,69889.15,2001,7641 Tracy Green,New Matthewton,MH,75469,1964-11-03,On Leave
1187,Jeremy,Price,jeremy.price@robertson.biz,2023-11-13,Software Engineer,Sales,106332.88,2001,9990 Cochran Isle,Simpsonmouth,NV,43999,1991-05-08,Active
1188,Bethany,Castaneda,bethany.castaneda@martin.com,2020-01-02,DATA ANALYST,ANALYTICS,73001.86,2001,4542 David Junctions,West Sherry,FL,36211,2003-08-04,Inactive
1189,Katherine,Blankenship,katherine.blankenship@company,2025-09-06,Project Manager,Sales,84006.08,2002,911 Wells Roads,Stokesport,MH,49404,1989-10-15,On Leave
1190,Kevin,Cooley,kevin.cooley@meyers-coleman.info,2022-02-25,HR Specialist,Sales,84790.21,2003,8882 Catherine Ridge,Paulport,NE,03158,1999-12-13,On Leave
1191,Jill,Burns,jill.burns@acosta.com,2021-01-01,Software Engineer,HR,95134.63,2003,12118 Fields Drives Suite 390,Salinasfort,AL,34072,1991-04-28,Inactive
1192,Cheryl,Smith,cheryl.smith@moore.com,2016-09-24,Project Manager,Analytics,121523.29,,3885 Jimenez Street,Larryton,ID,58842,1984-02-06,Inactive
1193,Anna,Jones,anna.jones@small.net,2020-04-27,HR Specialist,HR,"$43,007.53",2003,65395 Heather Stream Suite 743,Longburgh,LA,25630,1966-09-05,Active
1194,Kayla,Jones,kayla@black.com,2022-05-18,HR Specialist,IT,128572.83,2001,07268 Angela Crescent Apt. 723,East Lauriestad,UT,02989,1982-07-20,On Leave
1195,Laura,Arnold,laura.arnold@chang.com,2021-09-26,Project Manager,Sales,79873.48,,6468 Harris Haven Suite 090,Lake Justinview,GA,58601,1973-06-17,On Leave
1196,Jeanne,Thornton,jeanne.thornton@knight.net,2020-04-09,Sales Representative,HR,55693.92,2001,087 Moreno Square Suite 040,North Kaitlinchester,KS,91309,1971-02-06,Active
1197,Daniel,Butler,daniel.butler@christensen-simpson.biz,2023-05-10,Data Analyst,IT,"$78,446.14",2002,780 Chad Rue Suite 610,Hammondmouth,PW,98846,1996-05-04,Inactive
1198,Kathy,Cruz,kathy.cruz@baker-simmons.net,2022-04-02,Data Analyst,Analytics,"$56,201.60",2002,0528 Tracy Fields,Brianberg,NJ,44461,1977-01-05,Active
1199,Sheri,Thomas,sheri.thomas@hull-peters.com,2026-01-30,Project Manager,Marketing,86954.65,,3313 Rich Way,Bakerland,MS,70937,1998-06-16,Inactive
1200,Theodore,Thompson,theodore.thompson@wilson.info,2019-11-15,HR Specialist,HR,"$55,712.98",2002,6660 Michael Via Suite 957,Sheliaport,NJ,65295,1995-10-31,Active
1201,James,Martin,james.martin@townsend.com,2021-10-20,hr specialist,HR,147794.56,2001,941 Peter Isle,Lake Elaineberg,LA,13314,1975-07-22,Active
1202,Jay,Arnold,jay.arnold@hendrix.biz,2024-11-04,Software Engineer,IT,55795.75,2002,29530 Michelle Lodge,West Jenniferburgh,PW,78548,1985-07-10,Inactive
1203,Tara,Flores,tara.flores@petersen.org,2025-08-11,Software Engineer,Sales,51188.61,2002,117 Elizabeth Shoals,Wolfmouth,AL,68998,1985-08-16,On Leave
1204,Nicholas,Lang,nicholas.lang@@company.com,2026-03-06,Sales Representative,HR,141586.37,,0920 Hicks Burg,Charleston,DE,30257,1995-06-17,Inactive
1205,Tamara,Sanders,tamara.sanders@martinez-hoover.info,2016-05-06,Sales Representative,Marketing,96592.66,2001,843 Carl Pine,North Michelle,GA,10976,1989-07-22,Active
1206,Ronald,Conner,ronald@both.com,2018-06-28,Software Engineer,Analytics,"$97,979.67",2002,7472 Scott Lake Apt. 959,North Robert,WA,22259,1988-08-08,On Leave
1207,Randy,Peters,,2023-05-09,Software Engineer,IT,85400.57,,527 Brandon Lane Suite 217,Reedmouth,IL,80806,1993-07-19,On Leave
1208,Michelle,Fitzpatrick,MICHELLE.FITZPATRICK@MCCALL.COM,2022-05-08,HR SPECIALIST,MARKETING,"$67,776.58",,73754 Smith Divide Apt. 640,Lauriemouth,VT,34627,1994-04-08,Active
1209,Robin,Barrera,robin.barrera@hughes.com,2019-06-18,Data Analyst,Analytics,56465.98,2003,7609 Kevin Rapids,South Barryburgh,MT,82836,1991-03-31,On Leave
1210,Phyllis,Fuentes,phyllis.fuentes@moore.net,2022-02-16,Software Engineer,HR,123140.03,2001,90668 Mark Stream Apt. 274,Deniseberg,NH,76790,1965-12-25,Active
1211,Julie,Eaton,julie.eaton@harrison.com,2016-07-26,Data Analyst,IT,73439.12,2003,3338 Jacob Parkways,East Thomasborough,MO,89636,1960-05-16,Inactive
1212,Shannon,Bryant,shannon@artist.com,2026-11-07,DATA ANALYST,HR,135654.61,2001,386 Santiago Flats,Barryburgh,VT,90405,1985-06-21,Inactive
1213,Michael,Coleman,michael.coleman@adams.biz,2024-03-03,Sales Representative,Marketing,147020.39,2002,5557 Nathan Burg,South Ian,WI,33013,2003-02-16,On Leave
1214,Kimberly,Chapman,kimberly.chapman@company,2026-09-25,software engineer,sales,83119.59,,427 Salinas Ranch,West Gregoryborough,AL,77473,1980-03-25,On Leave
1215,Dylan,Arroyo,dylan.arroyo@rivera.com,2020-05-25,Software Engineer,Analytics,44316.15,2002,727 Hughes Ramp,Port Nancystad,WV,77662,1977-02-20,On Leave
1216,Mariah,Schroeder,mariah.schroeder@mckinney.info,2024-07-25,Data Analyst,Marketing,84803.5,2001,216 Garcia Coves Apt. 172,East Sarah,HI,92771,1998-03-20,Inactive
1217,Shelia,Rangel,shelia.rangel@@company.com,2021-06-15,Data Analyst,Marketing,83644.88,2003,505 Hunt Street Suite 349,East Kelseystad,IN,18335,1987-03-16,Active
1218,Jeremy,Jacobson,jeremy.jacobson@franklin.com,2027-01-22,Project Manager,Marketing,52765.2,2001,30175 Conner Cove Apt. 496,Burnsfort,WI,91856,1991-06-10,Active
1219,Brian,Fry,brian.fry@jefferson.org,2017-07-10,SOFTWARE ENGINEER,analytics,45700.38,2002,55077 Kristopher Divide Suite 247,West Kevin,GU,48594,1975-09-02,Inactive
1220,Ashley,Richmond,ashley.richmond@cooley.biz,2017-02-24,HR Specialist,Sales,"$135,873.81",2001,75824 Flores Island Apt. 762,East Brittneyfurt,ND,07951,1998-11-30,Active
1221,Christopher,Huber,christopher@author.com,2023-10-31,Sales Representative,Sales,129696.13,2001,231 Amy Crest Apt. 330,East Sonia,LA,46298,1972-01-01,Active
1222,Mary,Anthony,mary.anthony@pittman.biz,2020-07-28,Sales Representative,Analytics,137118.97,2003,6577 Smith Heights Suite 508,Jimenezburgh,WI,83139,1960-07-30,Active
1223,James,Olsen,james.olsen@hawkins.net,2017-02-12,Sales Representative,Marketing,127288.23,,68397 Debbie Causeway,North Emilyport,IA,56415,1987-12-05,On Leave
1224,Alexis,Boyd,alexis.boyd@company,2023-10-31,HR Specialist,IT,92560.63,,134 Doyle Rue,West Debbie,SC,35417,1971-04-01,On Leave
1225,Selena,Zimmerman,selena.zimmerman@rhodes-skinner.com,2021-12-17,Data Analyst,Sales,"$105,089.05",2001,7154 Carey Square Apt. 217,Port David,WA,29979,1965-05-19,Inactive
1226,Gary,Ayala,gary.ayala@anderson.com,2017-04-20,HR Specialist,Sales,"$43,812.55",2001,8543 Courtney Stravenue,East Nicholas,NC,04853,1974-07-23,Inactive
1227,Tommy,Glass,TOMMY.GLASS@LOPEZ.COM,2019-08-16,Project Manager,Sales,"$146,137.88",,96951 Paul Junctions,Lake Sarahmouth,RI,56917,1991-08-19,Active
1228,Amy,Bell,amy.bell@company,2018-07-17,HR Specialist,Marketing,135584.28,2001,931 Denise Circles,South Alyssafurt,NJ,87185,1986-08-26,On Leave
1229,Edwin,Rodriguez,edwin.rodriguez@pugh.com,2018-11-30,Project Manager,IT,96866.35,2001,34045 Wood Mill Suite 273,Clarkfort,LA,82429,1984-03-26,On Leave
1230,Kimberly,Lutz,kimberly.lutz@hernandez.com,2016-08-12,Software Engineer,Sales,"$101,236.34",2003,963 Dixon Ridge,Kelleyhaven,ND,67886,1984-05-07,Active
1231,Rachel,Weaver,rachel.weaver@frank-gonzalez.biz,2019-05-16,Data Analyst,IT,96456.27,2003,784 Robert Mountain,Rogertown,MH,88256,1968-10-17,On Leave
1232,Allison,Horton,allison.horton@rodriguez.com,2023-10-25,Project Manager,Sales,"$50,465.43",,00656 Nguyen Drives,West Justinstad,NC,57124,1963-04-01,Active
1233,Anna,Kelly,anna.kelly@mitchell.com,2024-10-07,data analyst,analytics,"$90,003.72",2003,327 Alexis Port,Lake Brandonshire,OH,41634,1982-04-27,Inactive
1234,Karen,Sullivan,karen.sullivan@hale-grimes.com,2016-09-04,PROJECT MANAGER,ANALYTICS,58589.12,,619 Lucas Villages Apt. 159,New Joseph,PR,92763,1983-11-29,Inactive
1235,Rachel,Stokes,rachel@.com,2023-10-23,HR Specialist,Analytics,143977.84,2001,92469 Michael Villages,New Hannah,AS,11979,1983-02-11,Active
1236,Michael,Lester,michael.lester@shaffer-reed.com,2020-06-21,Data Analyst,HR,74423.75,2001,742 Troy Dale,Jamesside,NY,21416,1984-02-23,Active
1237,Kayla,Williams,kayla.williams@hahn.com,2026-03-01,Data Analyst,IT,125881.51,,82727 Boyd Lock Apt. 603,Lake Michellemouth,CA,99782,1969-08-25,On Leave
1238,David,Davis,david.davis@chandler-stone.com,2022-07-21,HR Specialist,IT,"$127,382.68",2003,16269 Williams Well,North Taylortown,ND,64277,1961-01-30,Active
1239,Peggy,Sanford,peggy.sanford@gonzalez.com,2018-07-15,Sales Representative,Marketing,85900.18,2003,600 Sarah Plains,Bankstown,SC,81417,1975-08-04,On Leave
1240,Robert,Sanchez,robert@.com,2025-11-02,Software Engineer,Sales,51653.12,2001,46574 Harris Ferry,Lake Matthew,UT,79995,2001-09-12,On Leave
1241,Cynthia,Harrison,cynthia.harrison@johnson.biz,2021-12-23,Software Engineer,Marketing,101924.41,2001,937 John Ville Apt. 468,Jonesberg,PW,48744,1978-09-11,Inactive
1242,Janet,Haas,janet.haas@jackson.net,2021-10-02,Data Analyst,HR,"$93,150.93",,329 Howell Square Apt. 304,Suzannechester,NC,86511,1982-12-26,On Leave
1243,Jennifer,Martin,jennifer.martin@company,2025-07-25,Software Engineer,HR,100201.31,2001,734 Richard Green Suite 275,Keithstad,NC,17051,1969-11-11,Active
1244,Wendy,Nash,wendy.nash@santiago.com,2024-04-03,HR Specialist,Analytics,"$85,995.74",,75712 Jonathan Fall,Fowlerview,NM,86584,1969-12-08,On Leave
1245,Rachel,Ray,RACHEL.RAY@HODGES-GONZALES.INFO,2023-03-01,Software Engineer,Marketing,48613.23,,89013 Stephanie Ferry,West Susan,CO,63130,1995-01-14,Active
1246,Adrian,Turner,adrian.turner@gould.com,2018-02-16,Data Analyst,Sales,44224.84,2001,08308 Elliott Mills Apt. 205,East Crystalfort,DE,39420,1997-01-14,Inactive
1247,Lindsay,Evans,lindsay.evans@keith.info,2021-10-20,Software Engineer,Marketing,"$139,678.26",2001,890 Charles Estates,Joseport,NH,94179,2002-02-13,On Leave
1248,Joshua,Zimmerman,joshua.zimmerman@mcbride-cook.com,2017-11-19,Sales Representative,Sales,128367.06,2001,458 Sara Roads,Kevinberg,WA,01387,1963-09-07,Active
1249,Elizabeth,Duncan,elizabeth.duncan@mcclure.com,2018-10-28,Software Engineer,IT,71981.82,2001,083 Scott Park Suite 177,Shermanport,KY,27046,1973-07-12,On Leave
1250,Chad,Briggs,chad.briggs@mahoney.com,2019-12-23,Sales Representative,Sales,125220.05,2002,974 Laura Forks Apt. 524,Robertburgh,VA,35006,1960-05-11,Inactive
1251,Alisha,Williams,ALISHA.WILLIAMS@JONES-CARPENTER.ORG,2025-12-23,Data Analyst,HR,46946.05,2003,95388 Stephanie Bridge Apt. 671,Gonzalesbury,WY,05427,1984-11-23,Inactive
1252,Andrea,Stewart,andrea.stewart@webb-garcia.com,2018-10-21,Sales Representative,Analytics,45551.5,2001,9448 Bryan Plaza Suite 631,Annaview,FM,35216,1994-03-04,Active
1253,Gary,Holmes,gary.holmes@carney.com,2019-07-07,Software Engineer,Marketing,"$144,584.52",2003,1524 Alicia Manors,West Charlesside,OH,73682,1972-11-23,Active
1254,Amanda,Lee,amanda.lee@harvey.com,2021-07-22,data analyst,it,"$138,151.37",,90166 David Park Suite 141,New Dawn,FM,75332,1983-01-05,Active
1255,Austin,Gordon,austin.gordon@murray-taylor.com,2025-08-13,Project Manager,HR,128605.04,2003,619 Diana Ferry Apt. 194,Port Eric,MH,69001,1965-09-05,Active
1256,Jessica,Martin,jessica.martin@@company.com,2020-08-26,Sales Representative,Marketing,"$140,228.96",2001,23474 Horton Estates,West Stephen,WA,08429,1994-10-19,Active
1257,Craig,Gonzalez,craig.gonzalez@peterson.com,2020-05-16,sales representative,hr,113894.76,,111 Page Field Suite 493,Danielton,WY,09340,1976-10-16,Active
1258,Kathryn,Byrd,kathryn@station.com,2022-10-02,Data Analyst,IT,51567.91,2002,600 Williams Club Apt. 845,West Alexanderview,AK,35831,1999-10-19,On Leave
1259,Ashley,Taylor,ashley@admit.com,2018-02-01,Software Engineer,Marketing,"$123,526.39",2002,84275 Rebecca Grove,Lake Hector,OR,67897,1977-10-27,On Leave
1260,Susan,Miller,,2018-05-13,HR Specialist,Marketing,43599.59,,190 Nicholas Square Apt. 442,Lake Cassandra,FL,77681,1977-01-29,On Leave
1261,Robert,Carr,robert.carr@johnson-turner.com,2025-01-17,Data Analyst,HR,108527.0,,996 Johnson Landing,Harveyhaven,AK,21299,1998-09-12,Inactive
1262,Latoya,Rojas,latoya.rojas@king.com,2016-04-12,Project Manager,Analytics,118028.96,2001,8287 Rodriguez Passage,New Ryanbury,GU,86085,1988-04-09,On Leave
1263,Michael,Nguyen,michael@him.com,2025-05-18,Data Analyst,Sales,"$60,421.51",2002,07806 Anthony Spur Apt. 051,East Mark,WI,99636,1967-07-04,Inactive
1264,Chelsea,Garcia,chelsea@prevent.com,2026-01-28,Data Analyst,Sales,124717.02,,59681 Roberts Freeway,Nancyland,OK,38663,1981-07-16,Inactive
1265,Brandi,Johnson,,2017-06-25,Software Engineer,HR,82056.45,2003,69611 Davis Expressway Suite 416,Timothyshire,WI,02091,1987-08-20,On Leave
1266,Lonnie,Gibson,lonnie.gibson@taylor.com,2017-07-16,Data Analyst,Analytics,"$115,826.18",2003,833 Richards Inlet Apt. 513,North Lorichester,KY,48462,1984-02-25,Inactive
1267,John,Smith,john.smith@espinoza-torres.org,2019-07-21,Data Analyst,Marketing,129276.23,,3781 Moss Flat Suite 604,Matthewberg,WY,38385,1963-05-25,Inactive
1268,Terri,Hunter,terri.hunter@thomas.com,2021-06-27,Data Analyst,IT,106370.57,,5906 Emily Terrace,Duaneshire,NH,79219,1994-04-05,Active
1269,Kim,Smith,,2019-11-22,Software Engineer,HR,124473.6,2003,42126 Robert Walks Suite 855,New Becky,WV,84596,2003-11-08,On Leave
1270,Brooke,Parker,brooke@admit.com,2025-02-05,Sales Representative,Analytics,133050.03,,039 Joshua Forge,Hansonview,OK,30702,1995-12-18,Active
1271,Andres,Osborne,andres.osborne@williams.com,2018-02-25,Sales Representative,Sales,68227.95,2001,759 Chelsea Passage,New Sophiaside,NE,24659,1982-03-10,Inactive
1272,Kristin,Rivera,KRISTIN.RIVERA@HALL-GRAY.COM,2020-06-13,Software Engineer,HR,"$120,043.04",2003,1474 Rice Corners,Ericport,MT,65770,1973-10-31,Active
1273,Vanessa,Smith,vanessa.smith@miller.biz,2017-01-24,DATA ANALYST,hr,"$146,601.87",,9708 Gloria Tunnel Suite 050,Lake Robertafurt,NH,08929,1984-06-07,Active
1274,Tammy,Cortez,tammy.cortez@flores.com,2016-06-23,Software Engineer,Marketing,58882.99,,717 Gilbert Gardens Suite 463,New Carl,FM,01041,1992-12-15,Inactive
1275,James,Fisher,james.fisher@howell-lee.com,2018-11-15,Software Engineer,Analytics,"$80,988.65",2001,16552 Amanda Forest,Russellport,OH,90976,2000-11-25,Inactive
1276,Joshua,Johnson,joshua.johnson@herrera.com,2020-05-08,Sales Representative,IT,42503.01,,392 Gregory Curve Suite 575,East Amy,ND,20969,1974-05-06,On Leave
1277,Jessica,Taylor,jessica.taylor@reynolds.com,2020-10-31,HR Specialist,HR,49785.71,2002,644 Ball View Suite 695,Lake Sarah,NE,36213,1962-11-24,Inactive
1278,Janet,Collins,,2022-10-15,data analyst,hr,69935.24,2001,73367 Smith Field,Dukefort,MA,65700,1961-04-28,On Leave
1279,Jessica,Delgado,,2021-09-07,data analyst,HR,"$118,756.13",,7386 Green Wells,Sandraberg,VT,38341,1974-12-21,On Leave
1280,Rhonda,Schultz,rhonda.schultz@bridges.com,2024-12-11,Data Analyst,HR,"$55,735.76",2001,1597 Callahan Viaduct,Sarahbury,OK,52504,1986-11-26,Active
1281,Matthew,Smith,matthew.smith@ramirez.net,2022-01-18,Data Analyst,Sales,126540.81,,11570 Samantha Drives,Port Kellymouth,GU,09909,1970-04-17,Active
1282,Stephanie,Dorsey,stephanie@.com,2021-12-01,Sales Representative,Marketing,90264.76,2002,386 Rhonda Centers Apt. 891,Vincentberg,PR,98363,1963-12-18,On Leave
1283,Ashley,Norton,ashley.norton@tran-shaw.com,2024-12-28,Sales Representative,HR,"$52,895.05",2002,949 Rachel Spring,Stewartborough,MT,20310,1960-09-12,Inactive
1284,James,Morris,james.morris@taylor.com,2018-02-13,Data Analyst,Sales,90448.94,2001,291 Phillip Branch,North Colleen,NV,30767,1991-07-06,Inactive
1285,Joshua,Farmer,joshua.farmer@hart.info,2017-06-28,Sales Representative,Sales,72611.24,2003,507 Charlotte Cape Suite 848,Loristad,RI,18354,1992-09-14,On Leave
1286,Jeffery,Ortiz,jeffery.ortiz@guzman.net,2024-12-05,Software Engineer,Sales,"$96,958.28",2002,77028 Willis Landing,Lake Douglaston,IA,18266,2002-04-27,Active
1287,Richard,Baxter,richard.baxter@leon-adams.biz,2016-12-24,Sales Representative,Analytics,108840.76,2001,571 Jacob Groves,Port Bettychester,AL,43678,1975-07-04,Active
1288,Ernest,House,ernest.house@davis-hill.net,2021-08-24,Sales Representative,Marketing,133260.57,2002,019 Jacob Walks,Tammyside,NC,68402,1979-03-31,On Leave
1289,Christina,Maldonado,CHRISTINA.MALDONADO@WILLIAMS.INFO,2020-02-12,Software Engineer,IT,"$43,797.61",2001,9442 Walton Parkways Apt. 746,Ambermouth,PR,59194,1985-09-05,Active
1290,Jaclyn,Kelley,jaclyn.kelley@marsh.com,2025-08-07,HR Specialist,Analytics,77122.43,2003,688 Thomas Expressway,North Arthurview,NV,05177,1967-11-26,Inactive
1291,Ian,Brown,ian.brown@kane-hartman.com,2022-04-08,Software Engineer,IT,"$97,543.75",2001,648 Morris Courts Apt. 619,West William,MO,49446,1981-04-29,Inactive
1292,Brittany,Smith,brittany.smith@holland.info,2023-09-08,Sales Representative,Marketing,148194.82,2002,42016 Lutz Squares Apt. 946,Wademouth,SC,80663,1965-05-21,On Leave
1293,Douglas,Hale,douglas.hale@@company.com,2022-09-10,Sales Representative,Sales,111944.94,2003,675 Erickson Way Suite 410,Cuevastown,OR,73533,1960-11-27,On Leave
1294,John,Cunningham,john.cunningham@harris.com,2025-03-27,Project Manager,Analytics,94171.77,2002,94186 Schaefer Via,North Ryanberg,MH,45027,2002-03-14,On Leave
1295,Leslie,Perry,leslie.perry@peters.net,2016-05-10,Project Manager,Analytics,87325.03,,68056 Dudley Junction Apt. 814,South Allisonborough,WI,25422,1994-11-23,On Leave
1296,Kenneth,Taylor,kenneth.taylor@harris-cortez.org,2020-07-10,Sales Representative,IT,127989.28,2003,64046 Pennington Estate,Scottbury,MO,40299,2000-03-30,Active
1297,Nathan,Green,nathan.green@johnson.com,2017-04-30,Data Analyst,IT,67159.83,,308 Cortez Parks Suite 421,Lake Emmaview,PA,53297,1988-06-03,Active
1298,Nicholas,Patterson,nicholas.patterson@mccann-hoffman.com,2026-09-15,SOFTWARE ENGINEER,marketing,144288.12,2002,4285 Daniel Alley,Nathanielfort,WA,65440,1993-08-24,Active
1299,April,Whitney,april.whitney@company,2020-03-15,Software Engineer,Marketing,50173.87,,3675 Ashley Loaf Suite 013,New Matthew,IN,94088,1996-10-29,Inactive
1300,Kristen,Parks,kristen.parks@king.com,2019-07-07,Software Engineer,HR,54197.6,2002,3252 Smith Garden Apt. 677,North Nicole,AR,13282,2002-10-23,Inactive
1301,Pamela,Stout,pamela.stout@harris.biz,2024-04-19,Data Analyst,IT,"$113,294.18",2001,2864 Nelson Shore Suite 584,Marciafurt,AR,12098,1981-05-27,On Leave
1302,Susan,Chaney,susan.chaney@olson-clarke.com,2020-01-19,SOFTWARE ENGINEER,it,64236.49,2003,7816 Henderson Mission Apt. 591,Smithberg,AL,47866,1999-12-19,On Leave
1303,Adam,Powell,adam.powell@gonzalez.biz,2016-10-11,Project Manager,Sales,78712.92,,61058 Burns Alley Suite 989,Johntown,MP,75345,1991-02-12,On Leave
1304,Jonathan,Allen,jonathan.allen@barber.info,2017-10-08,Project Manager,Marketing,102976.22,2002,3156 Ashley Crossing,South Elizabethland,FL,27238,1981-01-01,Active
1305,Brenda,Clark,brenda.clark@gordon.com,2025-05-25,HR SPECIALIST,HR,109909.87,2003,15144 Catherine Pines Apt. 577,Paulton,UT,11958,2001-02-19,Active
1306,Tina,Chandler,tina.chandler@jones.com,2018-12-24,HR Specialist,Marketing,"$142,523.40",2003,85123 Young Viaduct,New Thomasmouth,MO,16138,1961-07-05,Inactive
1307,Paul,Carter,PAUL.CARTER@CHEN.ORG,2023-11-09,HR Specialist,HR,"$149,742.27",2003,30351 Newman Passage,Smithstad,SD,98315,1971-04-24,On Leave
1308,Charles,Johns,charles.johns@williams-smith.com,2024-04-27,Data Analyst,HR,80760.67,2003,1785 Sharon Center Apt. 736,Charlesbury,AZ,90913,1975-11-08,On Leave
1309,Christina,Wilkinson,christina.wilkinson@mitchell-marks.com,2020-05-29,Software Engineer,HR,"$140,020.55",2003,859 Yolanda Land Suite 128,Port Bryanville,NJ,78267,1985-03-14,Active
1310,Melvin,Roberts,melvin.roberts@harris.com,2024-10-27,Data Analyst,Sales,112963.45,2003,196 Williams Prairie,New Brandon,PW,63441,1984-06-17,On Leave
1311,Joseph,Williams,joseph.williams@rodriguez.com,2018-11-04,data analyst,HR,130449.15,2003,41271 Kimberly Plaza Apt. 773,West Andrewshire,AZ,57237,1966-01-20,On Leave
1312,Jeremy,Gomez,jeremy.gomez@leblanc.com,2026-01-01,Software Engineer,Marketing,96765.96,,7659 Alvarez Stravenue,Shannonville,NV,40301,2001-02-22,Inactive
1313,Kevin,Velez,kevin.velez@rivera.com,2016-06-01,Sales Representative,Marketing,"$131,577.68",2001,94427 Dorothy Drives,Richardfort,FL,01850,1961-09-06,Inactive
1314,James,Hughes,james.hughes@howell.info,2025-08-27,hr specialist,analytics,41694.94,2002,298 Wendy Trace Suite 939,Ramirezstad,ID,21140,1975-12-24,On Leave
1315,Oscar,Martinez,oscar.martinez@jacobson.com,2021-01-23,Data Analyst,Sales,"$137,340.87",2002,43881 Sherry Canyon Apt. 255,Susanborough,PW,70668,1978-04-09,Active
1316,Jamie,Barrera,jamie.barrera@company,2025-03-30,PROJECT MANAGER,SALES,110895.86,,9674 Shelley Points Apt. 202,Stevenport,KS,88610,1966-02-02,On Leave
1317,Alyssa,Douglas,alyssa.douglas@taylor.com,2017-10-20,Project Manager,HR,106833.91,,718 Morgan Green Apt. 532,East Amy,MH,38857,2000-12-27,Active
1318,Laura,Ramos,laura.ramos@hines-benton.com,2020-06-08,Data Analyst,Marketing,49832.96,2003,531 Kelly Loop,West Rebecca,CO,11424,1990-03-08,Active
1319,Teresa,Fischer,teresa.fischer@gonzalez.com,2021-03-28,sales representative,sales,93920.74,2001,043 Emily Freeway,Lake Karaton,WY,94912,2002-04-11,Inactive
1320,Eddie,Lawrence,eddie.lawrence@barnett-kelly.com,2022-04-27,Data Analyst,HR,80128.81,2003,48775 Goodman Court,North Brian,VT,50536,1964-06-04,On Leave
1321,Sandy,Pope,SANDY.POPE@JOHNSON-LEE.COM,2026-01-11,SALES REPRESENTATIVE,hr,"$128,549.87",2001,782 Natalie Key,New Denise,WV,99125,1990-11-20,Active
1322,Kaitlyn,Morris,kaitlyn.morris@aguilar-torres.com,2023-02-23,Sales Representative,Analytics,68852.23,2002,0212 Kimberly Mission,Emilyborough,PA,59390,1978-06-26,Active
1323,John,Arnold,,2019-11-10,Project Manager,IT,"$55,465.14",2003,9032 Jefferson Keys,Brewertown,IA,02927,1986-08-13,Inactive
1324,Ashley,Robinson,,2023-02-27,HR Specialist,Marketing,71355.29,2003,7510 Aaron Trail Suite 348,Danielsshire,OK,36305,1983-02-28,Inactive
1325,Ashley,Avila,ashley.avila@lopez.org,2023-03-01,Project Manager,Marketing,"$71,913.73",2001,99161 Christopher Island,Wrightshire,AR,63338,1970-09-02,Inactive
1326,Guy,Wilson,guy.wilson@wallace.com,2022-12-28,Sales Representative,Sales,107092.13,,2988 Rios Way,Port Samanthaport,ND,50262,1967-06-23,Inactive
1327,David,Wilson,david.wilson@chavez.com,2025-09-23,HR SPECIALIST,sales,149631.89,2003,9950 Lutz Cliffs Apt. 368,North Taylorborough,NC,41118,1964-11-06,On Leave
1328,Jordan,Mayo,JORDAN.MAYO@RIGGS.NET,2018-06-04,Sales Representative,Analytics,130414.98,2003,36426 Brittney Divide,Lake Roberthaven,AL,35043,1998-04-12,Inactive
1329,Jacqueline,Hall,jacqueline.hall@mcguire-ford.com,2025-04-22,Sales Representative,Analytics,"$50,547.77",2002,278 Miller Via Apt. 385,East Gary,GU,19650,1990-05-27,Inactive
1330,Nancy,Foster,nancy.foster@morgan.com,2018-10-09,software engineer,IT,44504.5,,011 Andrea Point,Castroview,ND,73007,2001-05-12,Inactive
1331,Daniel,Johnson,daniel.johnson@robertson-wilson.net,2026-03-11,Project Manager,Analytics,"$130,234.42",2002,2543 Richard Track Apt. 965,Lake Destiny,WI,73945,1994-02-08,Inactive
1332,Desiree,Weaver,desiree.weaver@collins-white.com,2019-02-27,PROJECT MANAGER,IT,139303.27,2003,258 Debra Parkway,Peterland,NE,80066,2003-04-28,On Leave
1333,Natalie,Rodriguez,natalie.rodriguez@mccann.info,2020-01-29,Sales Representative,Analytics,134340.98,,74492 Levine Gateway,Tinachester,MP,73962,1964-08-17,Inactive
1334,Teresa,Anderson,teresa.anderson@phillips-mckenzie.com,2022-12-13,Sales Representative,HR,47794.93,2002,998 Stout Throughway Apt. 304,Pateltown,RI,11861,1963-09-13,Inactive
1335,Hannah,Espinoza,hannah.espinoza@hamilton.biz,2025-07-21,Sales Representative,Sales,65518.49,2003,65704 Jacobs Harbor Suite 935,New Susantown,MA,51492,1963-09-14,Active
1336,Benjamin,Caldwell,BENJAMIN.CALDWELL@CASTILLO.COM,2024-12-01,PROJECT MANAGER,it,148878.13,2001,1630 Moss Prairie Suite 132,Ianmouth,RI,09643,1984-07-15,Active
1337,Sydney,Williams,sydney.williams@hansen.info,2022-08-13,Project Manager,Sales,113271.74,2002,423 Samantha Pike Apt. 416,Michaelport,IN,86426,1993-09-24,On Leave
1338,Ronald,Sparks,ronald.sparks@castillo.com,2022-09-08,Sales Representative,Sales,125015.5,2001,1076 Nicholas Squares,West Ryan,ME,91122,1993-12-29,Inactive
1339,Ernest,Johnson,ernest.johnson@barnes.com,2023-10-06,hr specialist,marketing,"$146,107.53",2002,7352 Gary Drive Apt. 419,Martinton,NE,99492,1979-05-02,On Leave
1340,Karen,Sims,karen.sims@bennett-padilla.com,2016-05-31,Sales Representative,Analytics,72376.48,2002,58191 Gutierrez Locks Apt. 487,Knoxstad,WY,19670,2001-07-10,Active
1341,Joseph,Williams,joseph.williams@nunez-hill.com,2021-05-30,HR Specialist,IT,93288.11,2002,786 Young Corner,South John,KY,06980,1971-10-03,Inactive
1342,David,Davies,david@rule.com,2021-08-14,project manager,MARKETING,"$76,429.65",2002,07271 Jennifer Trafficway Apt. 596,Port Troy,AL,57812,1964-09-27,Active
1343,Kelly,Gutierrez,kelly.gutierrez@campbell.com,2024-02-13,Sales Representative,IT,81579.97,,1941 Adams Square Apt. 015,Dunlapville,MS,32923,1971-05-20,Inactive
1344,Kelly,Anderson,kelly.anderson@coffey-jenkins.info,2023-08-22,Sales Representative,Sales,72880.23,,2875 Holly Ranch,Devinberg,DC,11496,1977-02-24,On Leave
1345,Robert,Hatfield,robert.hatfield@gonzalez.info,2022-09-26,Data Analyst,HR,"$61,682.55",2002,8761 Maria Circle,Stephanieview,MI,17783,1973-11-21,Active
1346,Steven,Mcguire,steven.mcguire@price-wright.com,2025-10-09,HR Specialist,IT,86680.42,2001,1728 Timothy Plain,Chavezport,MP,56632,1978-11-06,Active
1347,Judy,Campbell,judy.campbell@choi.info,2021-05-04,data analyst,HR,141294.68,,9660 Crystal Prairie Apt. 872,Jenkinsside,MA,74245,1997-09-27,Inactive
1348,Alexis,Barnett,ALEXIS.BARNETT@SMITH.COM,2019-12-28,HR Specialist,HR,126754.96,2001,5813 Ellen Burg,Christensenshire,SD,42253,1979-06-15,On Leave
1349,Victoria,Cox,victoria.cox@davis.com,2024-05-23,Data Analyst,IT,"$79,893.96",,09041 Elizabeth Road Apt. 963,Port Jessicatown,CA,88710,1981-04-21,Active
1350,Jennifer,Koch,JENNIFER.KOCH@HAYES.NET,2025-08-30,Software Engineer,Sales,"$139,850.15",2003,217 Jesse Prairie Apt. 701,Mooretown,ND,19807,1973-02-08,Active
1351,Justin,Rivers,justin.rivers@martin-nichols.com,2025-09-29,HR Specialist,IT,"$131,992.62",,9129 Alicia Throughway,Baileyport,MI,79564,1966-09-02,Active
1352,Dale,Newton,dale.newton@obrien-adams.com,2020-08-26,Sales Representative,HR,"$124,934.34",2002,66615 Sawyer Route,New Jessica,NE,36181,1966-01-11,Inactive
1353,Emily,Hanna,emily.hanna@brown-brown.info,2024-02-16,HR Specialist,HR,81139.87,2002,3128 Matthew Lake,East Melissa,SC,55928,1982-09-05,Active
1354,Matthew,Adams,matthew.adams@owens-gutierrez.com,2016-06-06,HR Specialist,IT,97349.7,2001,71949 Martinez Track,Vazquezfort,WY,63962,1966-06-26,Inactive
1355,Mark,Ross,MARK.ROSS@LITTLE.ORG,2017-12-10,Software Engineer,Sales,60728.72,2003,487 Bennett Grove,Lamberttown,AR,64362,1982-12-25,Inactive
1356,Jason,Davidson,JASON.DAVIDSON@ABBOTT.COM,2018-08-07,HR Specialist,Marketing,"$43,491.84",,61591 Bryan Park Apt. 311,Nicolaschester,MS,43991,1968-04-08,On Leave
1357,Cindy,Williams,cindy.williams@lopez.com,2026-09-20,SOFTWARE ENGINEER,MARKETING,41190.43,2003,417 Taylor Port Apt. 255,Seanland,CA,16930,1983-08-14,Active
1358,Donald,Fields,,2025-01-02,Software Engineer,IT,108290.77,2003,90642 Petersen Stream Apt. 243,Alishastad,PW,53910,1979-01-04,On Leave
1359,Mary,Nicholson,mary.nicholson@vasquez.org,2018-03-19,Software Engineer,HR,72276.75,2002,9576 Hobbs Wall Apt. 216,Meghanport,NE,96226,1975-12-14,On Leave
1360,Karl,Murphy,karl.murphy@king-waters.com,2017-04-12,Project Manager,Analytics,59895.31,,054 Lawson Burg,Port Robert,MH,04411,1989-04-13,On Leave
1361,Laura,Skinner,laura.skinner@@company.com,2022-07-13,Project Manager,Sales,128907.7,2002,575 Munoz Field,Pattersonview,SC,97597,1965-10-24,On Leave
1362,Renee,Kennedy,renee.kennedy@garcia.com,2025-11-13,PROJECT MANAGER,analytics,"$81,663.14",2002,62981 Martinez Shores,Tomtown,AL,69358,1998-01-06,Inactive
1363,Philip,Robertson,PHILIP.ROBERTSON@CAMPBELL.NET,2016-10-03,software engineer,hr,"$131,520.52",2003,0893 Melissa Dale Apt. 701,Carltown,WA,24828,1979-12-21,Inactive
1364,Deborah,Gaines,deborah@federal.com,2020-02-04,Data Analyst,Analytics,"$136,395.34",,270 Malone Springs,Port Christineland,WI,94213,1965-07-01,Active
1365,Andrew,Davis,andrew.davis@carter-mccoy.org,2020-05-20,project manager,analytics,127540.67,2001,583 Joshua Spur,Port Tanya,MP,19858,1993-08-05,Inactive
1366,David,Pugh,david.pugh@hall.info,2021-01-29,Data Analyst,Analytics,44160.42,,304 Knight Burgs Apt. 981,Williamsshire,MN,27131,1987-11-06,Active
1367,Bailey,Woodard,bailey.woodard@hernandez.info,2025-05-06,Sales Representative,IT,127841.69,2003,3642 Ellis Crescent,Baileyside,NV,43500,1976-07-13,Active
1368,Autumn,Cordova,autumn.cordova@hicks.net,2023-06-09,HR Specialist,Sales,"$54,992.18",2003,96986 Sullivan Drive,East Sabrinamouth,MI,06815,1961-06-28,On Leave
1369,Laurie,Ward,laurie.ward@martinez-thomas.com,2020-01-19,Data Analyst,Analytics,52079.11,2002,815 Victoria Gardens,North Amy,KY,46643,2002-03-08,On Leave
1370,Lisa,Yates,lisa.yates@moreno-washington.info,2024-10-18,Software Engineer,IT,123000.14,2003,1529 Jason Alley,Martinezfort,PR,91781,1974-08-02,On Leave
1371,Dakota,Sanchez,dakota.sanchez@day-thompson.info,2019-08-31,Project Manager,HR,69806.27,2003,455 Timothy Crossing Apt. 362,Meaganhaven,FL,10937,1969-01-19,Inactive
1372,William,Garcia,william.garcia@little.com,2020-11-11,Sales Representative,HR,"$92,657.82",2001,145 Ashley Bypass,Nortonshire,CO,26312,1984-02-23,Active
1373,Jennifer,Jackson,jennifer.jackson@kirby-ellis.com,2025-11-13,PROJECT MANAGER,hr,145740.74,2002,667 Blevins Lights Suite 358,Charlenefurt,MO,39268,1974-05-15,On Leave
1374,Gordon,Perry,gordon.perry@fernandez.info,2020-07-17,HR Specialist,HR,"$73,210.32",,7418 Obrien Flat,West Kyle,DE,28419,1999-07-03,Active
1375,Charles,Cardenas,charles.cardenas@huff.com,2026-04-23,Project Manager,Marketing,89557.46,2002,596 Samantha Groves,East Catherinemouth,UT,64263,1966-02-11,Inactive
1376,Walter,Nguyen,walter.nguyen@nelson.com,2017-07-10,HR Specialist,IT,"$141,650.51",2001,174 Lisa Islands Apt. 478,Kathleenfort,KY,45125,2003-03-16,Inactive
1377,Andrew,Bailey,andrew.bailey@rowland.com,2017-02-24,Data Analyst,IT,112536.88,2003,5725 Gonzales Lakes,South Kennethburgh,MD,55857,1975-08-03,Active
1378,John,Flores,john.flores@cox.com,2017-05-15,HR Specialist,Marketing,149022.5,2003,3392 Shawn Ranch Suite 459,Wrightchester,UT,48009,1962-09-04,Inactive
1379,Arthur,Cook,arthur.cook@farrell-pitts.com,2017-10-28,Software Engineer,Marketing,92106.89,,8435 Mason Corner Suite 305,Danielshaven,UT,03637,1995-02-22,Active
1380,Gregory,Velez,gregory.velez@clarke.com,2016-06-13,PROJECT MANAGER,SALES,52993.26,2001,3886 Jacob Radial,Ryanside,CO,87316,1965-09-07,On Leave
1381,Carol,Davidson,carol.davidson@weaver-rojas.org,2019-09-30,Sales Representative,Sales,149417.19,2002,1713 Misty Pass,Garciaburgh,KS,06083,1987-01-10,Active
1382,Jennifer,Duarte,jennifer.duarte@schmitt.com,2021-07-06,Project Manager,HR,117813.62,2001,336 Morgan Ridge Apt. 681,Port Brian,ME,48257,1993-11-06,Active
1383,Caitlin,Perkins,,2021-12-22,Sales Representative,Sales,144124.54,2003,32173 Harper Bypass,West Arianachester,AZ,43429,1982-11-25,Inactive
1384,Marcia,Morgan,marcia.morgan@morris.biz,2021-01-24,HR Specialist,Marketing,109305.25,2001,470 Walsh Court Suite 123,South Barbara,NY,13809,2001-09-26,On Leave
1385,Evelyn,Stevens,evelyn.stevens@waters-moore.com,2019-01-16,Software Engineer,IT,40077.8,2001,93928 Gregory Alley,Ginabury,OR,38888,1966-11-16,Inactive
1386,Kimberly,Hill,KIMBERLY.HILL@BRADFORD-WILLIAMS.COM,2018-12-02,data analyst,HR,"$111,351.71",2001,404 Elizabeth Springs,South Michael,HI,52422,1987-09-28,Inactive
1387,Thomas,Cochran,thomas.cochran@smith.com,2018-03-07,Data Analyst,Marketing,50305.37,,455 Kelli Locks Apt. 977,Johnborough,OH,58236,1993-12-07,Inactive
1388,Donna,Jensen,donna.jensen@company,2023-10-07,SALES REPRESENTATIVE,MARKETING,128077.41,2002,041 Munoz Glen Suite 490,East Barbarafurt,CA,92666,1967-05-07,On Leave
1389,Nancy,Bradley,nancy.bradley@keith-smith.com,2020-04-28,SALES REPRESENTATIVE,HR,113247.44,2002,11476 Browning Route Suite 745,Port Graceburgh,SC,84760,2000-03-13,Inactive
1390,Blake,Lopez,blake.lopez@andrews.com,2025-06-13,Data Analyst,IT,149803.1,,7666 Craig Forks,Davidstad,SC,48498,1990-04-24,Inactive
1391,Lisa,Good,lisa.good@smith.com,2024-04-03,sales representative,HR,132047.11,2001,866 Andrew Lakes Suite 165,East Christian,SD,08165,1984-05-13,Inactive
1392,Jenny,Cardenas,jenny@employee.com,2021-12-11,Sales Representative,Sales,"$135,369.87",,3833 David Summit,West Crystalbury,KS,25520,1972-12-12,On Leave
1393,Aaron,Gill,aaron.gill@ashley.info,2026-09-08,HR Specialist,IT,"$44,771.58",2003,69837 Monica Branch Suite 639,East Brett,AZ,60376,1978-12-21,Inactive
1394,Angela,Smith,angela.smith@stephens.biz,2021-04-24,HR Specialist,Sales,"$55,403.33",2002,38500 Chavez Bypass Apt. 102,Lake Amyburgh,IN,85721,1970-05-05,Inactive
1395,Karen,Brown,karen.brown@stewart-harrison.org,2026-05-02,HR Specialist,Sales,"$110,995.59",,62389 Huerta Trafficway Suite 000,North Matthew,MP,94468,1968-05-13,On Leave
1396,Michelle,Wilson,michelle.wilson@moore.biz,2021-07-03,Project Manager,IT,82134.26,2003,90627 Traci Gardens,Port Pamelaview,GU,91430,1976-05-19,On Leave
1397,Michael,Walker,michael.walker@miller.com,2020-12-28,Data Analyst,Marketing,"$96,235.31",2002,6188 Jessica Curve,Sarahville,CA,75351,1995-05-07,Inactive
1398,Regina,Jones,regina.jones@williams.com,2018-01-08,Sales Representative,Sales,115462.03,2002,11944 Anderson Greens Apt. 192,Cindymouth,NM,92870,1980-06-13,Inactive
1399,Susan,Rodriguez,,2021-06-19,Software Engineer,HR,70862.42,2002,200 Matthew Estate,North Juan,DC,81079,1994-05-02,Active
1400,Beth,Miller,beth.miller@johns-diaz.com,2021-01-27,HR Specialist,IT,"$70,524.18",2001,918 Courtney Cape Suite 167,East Stephen,WV,69337,1987-02-18,Active
1401,Rebecca,Richards,rebecca.richards@jimenez.com,2017-09-21,Project Manager,Analytics,"$61,263.34",2001,0367 Hicks Pass Apt. 316,Catherineport,AZ,06466,1960-08-22,Active
1402,Larry,King,larry.king@marsh.com,2016-10-12,Data Analyst,Marketing,69957.49,2001,78345 Meyer Crescent Apt. 791,Lake Thomasberg,PA,02785,1980-08-26,Active
1403,Courtney,Smith,,2018-11-30,Data Analyst,Analytics,128760.3,2001,0536 Owens Keys Suite 134,Port Robert,IN,82473,2001-12-20,On Leave
1404,Guy,Huynh,guy.huynh@williams.com,2024-09-26,HR Specialist,Sales,91474.02,2001,05417 Andrew Lodge,New Waynemouth,NV,93031,1988-09-16,Active
1405,Hannah,Moore,hannah.moore@gardner.com,2020-11-26,Software Engineer,HR,49563.72,2002,80725 Gregory Stravenue Apt. 742,North Michelle,GU,26353,1984-06-16,Inactive
1406,Scott,Anderson,scott.anderson@nelson.com,2024-02-26,HR SPECIALIST,IT,"$105,085.99",,313 Ashley Falls Apt. 801,West Zachary,RI,18206,1997-08-29,On Leave
1407,Carol,Bruce,carol.bruce@perry.com,2018-05-16,Data Analyst,HR,104676.45,2001,745 Ryan Circle Apt. 593,New Kenneth,MO,05069,1974-07-31,On Leave
1408,Tony,Wells,,2023-04-08,HR Specialist,Sales,75812.26,,60958 Grant Light Apt. 606,Tammystad,NJ,58029,1985-07-25,On Leave
1409,Sarah,Murray,sarah.murray@gillespie.net,2022-11-02,Data Analyst,Sales,73319.54,2003,21177 Thompson Junction Apt. 813,Hortontown,DC,62202,1974-08-23,On Leave
1410,Logan,Shah,logan.shah@salazar-yates.com,2021-12-13,PROJECT MANAGER,SALES,99907.32,2003,80635 Ramos Crossing Apt. 219,East Sarah,ME,89807,1964-11-12,Inactive
1411,Warren,Turner,warren.turner@fox-nicholson.biz,2024-06-03,SOFTWARE ENGINEER,marketing,89009.99,2002,7584 Frank Lane Suite 747,Kimberlychester,WY,86638,1999-04-17,On Leave
1412,Paul,Dawson,paul.dawson@bennett-cooper.com,2019-08-10,Project Manager,Analytics,120396.84,2001,69951 Welch Inlet,West Jason,NY,98935,1977-04-16,Inactive
1413,Michael,Mcdonald,michael.mcdonald@olson-mayer.com,2021-03-12,Data Analyst,Sales,141084.01,2001,357 Mcclain Place Apt. 038,Alexanderbury,MP,53639,1991-09-16,On Leave
1414,Gerald,Henry,gerald.henry@jackson.com,2024-08-15,SALES REPRESENTATIVE,MARKETING,116093.24,,25463 Emily Brook Apt. 736,Lake Linda,PA,36290,1997-09-03,Active
1415,Robert,Shaffer,robert.shaffer@patterson.com,2026-06-19,Sales Representative,Marketing,43339.49,2003,776 Schultz Track,Christopherfurt,AZ,11472,1974-11-07,On Leave
1416,Alex,Adams,alex.adams@harris.com,2016-11-07,Project Manager,Marketing,95590.75,2002,3476 Green Estate Suite 032,Finleyton,NY,12672,1985-09-27,On Leave
1417,Bryan,Deleon,bryan.deleon@simon-garner.net,2016-12-13,project manager,IT,"$56,031.53",2003,47247 Lawrence Alley Apt. 918,North Jason,SC,36947,2001-01-18,Inactive
1418,Vernon,Blake,,2021-11-14,HR Specialist,HR,48689.39,,1128 Mallory Plains,Mckinneyton,NY,26508,1977-12-16,On Leave
1419,Kayla,Wong,kayla.wong@lloyd.com,2022-04-02,Software Engineer,HR,87992.58,2001,10665 Rebecca Grove Apt. 566,Chaseside,CA,51577,1971-03-29,On Leave
1420,John,Gordon,john.gordon@duncan.com,2020-09-11,Sales Representative,Analytics,"$112,291.07",2002,62151 Joseph Causeway,East Gary,WI,82905,1995-01-29,Inactive
1421,Joshua,Fields,joshua@.com,2020-12-18,Data Analyst,IT,123215.41,2001,101 Zachary Club Suite 529,East Lindsaybury,FL,50241,1982-02-10,Inactive
1422,Heather,Johnson,heather.johnson@montgomery-mcintyre.biz,2017-04-15,Software Engineer,Analytics,"$40,056.44",2002,6903 Brian Parks,Millerstad,WA,32672,1977-10-03,On Leave
1423,Cindy,Sanchez,cindy.sanchez@price-mills.com,2023-08-15,Data Analyst,HR,66056.62,,941 Nunez Locks Suite 672,North Victor,FM,66308,1977-12-02,Active
1424,Dawn,Obrien,dawn.obrien@mitchell.com,2022-07-15,SALES REPRESENTATIVE,ANALYTICS,139604.96,,04971 Gonzalez Knolls Apt. 541,North Barbara,PW,27882,1966-01-14,Inactive
1425,Randall,Lewis,randall.lewis@winters-adams.org,2024-11-04,Data Analyst,Sales,118081.46,,311 Laura Fort Suite 801,Lake Michael,UT,26488,1973-08-09,On Leave
1426,Craig,Church,craig.church@myers.com,2018-09-08,Data Analyst,Analytics,149321.43,2002,5368 Bush Inlet Suite 382,Jenniferborough,TN,49357,1997-03-30,Active
1427,Jimmy,Long,jimmy.long@baxter-cook.com,2024-09-06,Project Manager,Marketing,"$114,989.73",,342 Hall Rapids,Catherinechester,WY,64336,1960-11-22,Active
1428,Maria,Smith,,2022-07-03,HR Specialist,Marketing,"$100,116.87",2002,17128 Hunter Green,Perryhaven,GU,45565,1971-06-15,Inactive
1429,Michael,Murphy,michael.murphy@wallace-knight.info,2019-08-13,data analyst,HR,80822.55,2003,67180 David Route,Andersenton,PW,37230,2003-12-14,Inactive
1430,Matthew,Aguilar,matthew.aguilar@allen.com,2022-01-11,Data Analyst,Sales,76160.92,2002,5330 Parsons Courts,Lake Jim,DE,76288,2001-02-13,Inactive
1431,Kevin,Smith,kevin.smith@shea.com,2026-05-25,HR Specialist,Marketing,116420.4,2003,9683 Ryan Street Suite 515,New Amanda,KS,02236,1993-12-25,Active
1432,Jeffrey,Welch,jeffrey.welch@brown.org,2018-07-12,Project Manager,Marketing,115879.03,2002,423 Alyssa Plaza Suite 135,Barrtown,IL,67925,1963-08-18,Inactive
1433,Elizabeth,Jones,elizabeth.jones@blair-ford.com,2020-04-11,Software Engineer,HR,67745.52,2001,83378 Sara Bypass Apt. 187,Dalefort,PR,41181,1980-04-27,On Leave
1434,Luis,Newman,luis.newman@@company.com,2022-04-23,Sales Representative,Sales,"$147,075.32",2002,54895 Perry Corner,West Alisonborough,PW,39729,1991-05-07,Active
1435,Todd,Koch,todd.koch@johnson.com,2017-01-09,Data Analyst,Analytics,63022.44,2003,0276 Judith Keys,West Kelsey,OR,08720,1964-04-15,On Leave
1436,Michelle,Munoz,michelle.munoz@franklin-daniel.com,2016-12-18,Software Engineer,Sales,"$113,235.33",2002,550 Robert Dale,Patrickside,AZ,47294,2003-02-04,Inactive
1437,James,Ball,james.ball@anderson.biz,2026-11-01,Sales Representative,HR,89612.57,2002,452 Justin Way,New Michael,IN,18474,2000-11-15,Active
1438,Tina,Hart,tina.hart@wood.biz,2020-07-02,hr specialist,marketing,"$144,302.86",2003,329 Scott Oval Suite 129,New Joseph,CO,27294,1987-03-29,On Leave
1439,Katherine,Walker,katherine.walker@chase-chen.com,2018-12-06,Software Engineer,Marketing,142285.66,2001,4067 Chandler Court Apt. 856,Rebeccamouth,VA,53525,1999-10-26,Active
1440,Matthew,Thomas,MATTHEW.THOMAS@WYATT-HOGAN.COM,2024-07-28,Sales Representative,Sales,96599.49,2003,05327 Estrada Skyway,Palmerton,GA,19927,1996-03-18,Inactive
1441,Victor,Hunter,victor.hunter@nguyen.com,2016-07-19,Software Engineer,Marketing,45588.74,2003,7416 Michael Radial,Hallside,ME,28442,1971-03-20,Inactive
1442,Nancy,Elliott,nancy.elliott@wright.info,2016-04-16,HR Specialist,IT,"$122,805.38",2003,23366 Spears Springs Suite 832,Zacharyside,WY,75966,1962-06-21,On Leave
1443,James,Williams,james.williams@phillips.com,2022-09-21,Data Analyst,Analytics,69943.67,2001,0955 Tyler Extensions,Lake Ashleyport,FM,31604,1987-10-17,Inactive
1444,Laurie,Ellison,laurie.ellison@richmond.com,2017-12-18,hr specialist,marketing,61623.47,2001,6517 Smith Cliff,Chelseashire,MH,36566,1965-07-06,On Leave
1445,Julia,Hoover,julia.hoover@fields.com,2017-06-10,software engineer,SALES,43322.39,2002,86241 Lin Shore Suite 082,Chelseabury,DE,82264,1981-06-12,Inactive
1446,Sherri,Vargas,sherri.vargas@owens.biz,2024-07-19,Data Analyst,Sales,99730.67,2001,6524 Gentry Rue Suite 468,New Andrew,FM,96399,1989-08-15,Inactive
1447,Sara,Francis,sara.francis@neal.com,2021-12-07,HR Specialist,HR,117341.22,2003,607 Marsh Lock,Stevenborough,ND,24418,1995-12-21,Active
1448,Connie,Anderson,connie@main.com,2019-10-07,HR Specialist,Analytics,"$136,255.74",2003,74209 Jennifer Lakes,Caitlinfurt,AL,78614,1973-05-13,Inactive
1449,Heather,Conner,heather.conner@tran-pratt.com,2016-09-29,Data Analyst,HR,"$85,827.74",2003,81657 Charlotte Path,Beckbury,AR,21372,1997-10-21,Inactive
1450,Tanner,Wilson,,2025-12-11,Data Analyst,Sales,123678.16,,6007 Myers Union,Ryanberg,FL,66744,1976-11-18,Active
1451,Mackenzie,Watts,mackenzie.watts@@company.com,2024-10-06,project manager,analytics,79149.92,,4241 Chris Green Apt. 057,South Leonard,PR,51453,1999-09-18,Active
1452,Kenneth,Young,kenneth.young@martinez.biz,2020-10-31,Data Analyst,Sales,83508.14,,257 Hannah Expressway Suite 146,South Lindastad,OR,64788,1984-07-30,Inactive
1453,Sarah,Harper,sarah.harper@torres.com,2024-12-28,Sales Representative,HR,132980.9,2001,839 Calvin Junctions Apt. 074,New Angelaview,FM,18376,1981-08-31,On Leave
1454,Christopher,Montoya,christopher.montoya@company,2021-05-19,Sales Representative,Marketing,"$58,098.31",,41811 Olson View Suite 501,Lisabury,PR,16244,1994-01-09,Inactive
1455,Michael,Garner,michael.garner@jones-mitchell.com,2025-05-22,hr specialist,HR,118997.86,2003,79506 Adams Viaduct Apt. 876,East Alexandraton,CO,23671,1972-11-09,On Leave
1456,Garrett,Fleming,garrett.fleming@marks.com,2021-05-12,sales representative,marketing,134262.66,2001,202 April Bridge,Griffinfurt,WV,99598,1973-07-26,Inactive
1457,Lydia,Frank,lydia.frank@james.biz,2024-12-23,Data Analyst,HR,45662.99,,977 Keller Light,East Kerri,GU,67335,1967-11-17,Inactive
1458,Brittany,Baker,brittany.baker@parrish.com,2023-06-28,HR SPECIALIST,marketing,93923.26,,3426 Sims Points,Reneeshire,AK,83361,1960-10-10,On Leave
1459,Holly,Murray,holly.murray@rowe.com,2025-01-09,Project Manager,Sales,125821.67,2001,4370 Connie Street,Turnershire,MA,83875,1963-09-06,Active
1460,Gregory,Ferguson,gregory.ferguson@@company.com,2024-01-22,data analyst,marketing,129539.63,2003,16553 Levy Parkway,Port Amy,VA,81500,1983-12-24,On Leave
1461,Thomas,Andrews,thomas.andrews@johnson.com,2017-12-13,HR Specialist,Sales,57533.33,2002,820 Brenda Viaduct Suite 583,Lake Juliamouth,GA,51417,1989-04-21,Inactive
1462,Margaret,Nicholson,margaret.nicholson@conley-ellis.org,2016-12-24,HR Specialist,Marketing,47268.01,2002,90231 Flynn Wall,Madisontown,DC,31857,1976-01-17,On Leave
1463,Matthew,Tyler,matthew.tyler@montgomery.net,2024-10-07,Project Manager,Sales,"$136,396.66",,754 David Fort Suite 300,West Jessicaberg,FM,86747,1988-07-12,On Leave
1464,Thomas,Parker,thomas.parker@hart.org,2026-03-19,Software Engineer,Sales,"$116,196.25",2002,34954 Timothy Oval,East Donna,NV,67774,1974-01-29,On Leave
1465,Melanie,Johnson,melanie.johnson@peterson.com,2023-04-15,HR Specialist,HR,48252.18,2001,6116 Andrews Inlet,Yangmouth,TN,49315,1996-10-27,Active
1466,Peter,Hodge,PETER.HODGE@KELLEY.INFO,2023-02-01,Software Engineer,Analytics,87622.68,,3269 Scott Center Apt. 778,Nguyenstad,MN,01355,1989-08-13,Active
1467,Sarah,Riley,sarah.riley@johnson.com,2017-05-16,HR Specialist,Marketing,58403.02,,967 Jasmine Mission Apt. 467,Williamville,DC,37349,1977-05-14,On Leave
1468,David,Crawford,david.crawford@brown.com,2020-06-19,Project Manager,HR,62709.71,2001,74072 Crawford Skyway Suite 768,South Benjaminborough,VI,80981,1991-06-25,On Leave
1469,Christopher,Reese,christopher.reese@@company.com,2017-08-14,HR Specialist,Analytics,65527.58,2002,380 Melissa Isle Apt. 198,New Lindaborough,HI,41317,1970-08-28,Active
1470,Jesus,Tran,jesus.tran@nixon.biz,2025-02-20,Sales Representative,Sales,105429.46,,638 Robert Isle,Shawnton,VT,11470,1982-07-26,Inactive
1471,Cassidy,Nguyen,CASSIDY.NGUYEN@BROWN.COM,2025-01-07,SALES REPRESENTATIVE,marketing,91220.55,2001,28858 Jacob Shoal,Thomasland,MD,78279,1985-12-14,Active
1472,Kristin,Hayes,kristin.hayes@kline.com,2019-12-12,Software Engineer,Sales,"$54,747.95",2003,26133 Rodriguez Summit,East Kimview,VT,11079,1977-04-09,On Leave
1473,Sabrina,Morrow,sabrina.morrow@@company.com,2019-02-03,Software Engineer,Marketing,93657.15,2001,860 Kathryn Park,Ingramside,PA,98854,1983-04-16,Inactive
1474,Bonnie,James,bonnie.james@tran.org,2025-06-22,DATA ANALYST,marketing,"$97,972.59",2003,248 Ryan Islands,Ortizchester,WA,68404,1982-03-10,Inactive
1475,Jason,Hatfield,jason.hatfield@ali.com,2026-03-26,sales representative,hr,82393.43,2001,11889 Suzanne Mill,Andrewview,AS,05919,1986-02-02,On Leave
1476,Kyle,Warner,KYLE.WARNER@WEST.COM,2022-05-08,Software Engineer,Analytics,91728.83,2002,809 Walker Valleys,Christianmouth,CT,78228,1965-01-21,Active
1477,Christopher,Zimmerman,christopher.zimmerman@fisher.com,2021-11-24,Sales Representative,Analytics,57138.79,,6664 Roach Key Apt. 898,East Jeffrey,NC,62023,1980-08-14,Active
1478,Elaine,Sandoval,elaine.sandoval@company,2021-07-09,Project Manager,HR,63038.1,2001,557 Hawkins Cliffs,Lake Raymondbury,GA,60020,1971-06-06,On Leave
1479,Taylor,Roberts,taylor.roberts@company,2024-06-10,Data Analyst,HR,"$139,957.92",2002,4620 Shannon Trafficway,Ashleychester,MO,95362,1968-07-15,On Leave
1480,Brittany,Marshall,brittany.marshall@moore.com,2019-05-15,project manager,it,104868.06,2002,166 Whitney Ville Apt. 593,South Robinborough,MD,18770,1984-05-20,Active
1481,Billy,Smith,billy.smith@golden.info,2018-07-21,Software Engineer,Sales,108580.95,2003,32564 Roberts Mill Suite 138,North Robinview,FL,35778,1999-12-19,Inactive
1482,Melinda,Rosales,melinda.rosales@smith-simmons.com,2016-05-20,HR Specialist,IT,135514.14,,9303 Susan Locks Apt. 222,East Ronald,MI,24478,1969-09-16,Inactive
1483,Jeremiah,Roberts,jeremiah.roberts@davis.com,2021-06-11,Data Analyst,Sales,80189.06,2001,2802 Ashley Mountain,West Amandashire,UT,92713,1976-03-20,Active
1484,Jessica,Vasquez,jessica.vasquez@wilson.com,2021-07-24,Project Manager,IT,76979.6,2003,8607 Bethany Corner Suite 326,Boylemouth,MP,81365,1961-04-07,Inactive
1485,Brian,Davis,brian.davis@li-villa.com,2024-05-13,Sales Representative,Sales,"$131,715.86",2002,3691 Beverly Knoll Suite 679,Lake Amyburgh,NM,75456,1989-05-20,Inactive
1486,Megan,Ramirez,megan.ramirez@young-douglas.com,2016-04-07,Project Manager,Sales,142716.74,2001,2758 Angela Ford Suite 759,Smithville,WV,72537,1998-06-21,Active
1487,Teresa,Reilly,teresa.reilly@taylor-davis.info,2024-09-12,SOFTWARE ENGINEER,SALES,"$131,177.06",2002,4513 Martinez Underpass Suite 148,Martinburgh,MS,54135,1989-08-31,Active
1488,Alexandra,Reid,alexandra.reid@smith.net,2019-12-24,HR Specialist,Sales,130363.8,2002,1142 Alexandra Highway,Starkville,KS,56699,1980-12-02,Inactive
1489,Michael,Casey,michael.casey@warner.net,2017-05-05,Sales Representative,Analytics,75417.98,2002,1454 Macdonald Mews Apt. 919,West Christopher,AR,25642,1994-08-08,Inactive
1490,Michael,Williams,michael.williams@gibson.net,2018-08-10,Data Analyst,Sales,140375.25,2003,563 Kimberly Drive Apt. 867,North Alexismouth,NM,63333,1982-10-17,Inactive
1491,Emily,Newton,emily.newton@austin.com,2022-05-04,Software Engineer,Sales,148724.06,2003,389 Aaron Point Apt. 123,East Margaretberg,DC,70648,1979-02-06,On Leave
1492,Steven,Johnson,steven.johnson@hurley.com,2023-01-14,DATA ANALYST,SALES,114626.28,,68359 Ricky Avenue Apt. 562,Port Stevenburgh,KY,08540,1979-07-19,On Leave
1493,Mackenzie,Allen,MACKENZIE.ALLEN@HUERTA.COM,2023-01-17,software engineer,sales,147788.06,2002,37228 Jennifer Divide,Lake Deborahstad,WA,83488,1969-03-26,Active
1494,Tracey,Rasmussen,tracey.rasmussen@stafford.com,2016-11-07,Sales Representative,Sales,81837.69,2001,078 John Ports,Port Leslie,PR,02516,1975-05-07,On Leave
1495,Vincent,Flynn,VINCENT.FLYNN@CASTRO.NET,2023-01-10,Sales Representative,Marketing,"$82,309.20",,8934 Richard Dam Suite 361,Jeffreystad,SC,87060,2002-02-26,Active
1496,Donna,Flores,donna@.com,2022-09-25,Data Analyst,Sales,97587.35,2001,7691 Matthew Plain Suite 714,Guzmanmouth,MD,38399,1977-07-28,On Leave
1497,Thomas,Martin,THOMAS.MARTIN@COLLINS.INFO,2021-04-13,SALES REPRESENTATIVE,SALES,53294.44,2002,5343 Cline Lane,West Patrickfort,WV,80087,1967-10-12,Active
1498,Kenneth,Schneider,KENNETH.SCHNEIDER@GENTRY.NET,2024-09-09,HR Specialist,Analytics,92709.35,2003,062 Davis Villages Suite 792,Port Tammyton,AK,39082,1985-07-17,Active
1499,Linda,French,linda.french@fleming.com,2017-11-30,Software Engineer,IT,"$126,743.23",,9296 Jensen Mission,New Emma,CO,33727,1985-02-23,Active
1500,Shawn,Howell,shawn.howell@rodriguez.com,2017-03-20,DATA ANALYST,MARKETING,"$84,968.43",,98773 Mario Ferry Apt. 251,Lake Coryland,DC,27509,2003-01-24,On Leave
1501,William,Nelson,william.nelson@calhoun-powell.info,2017-09-06,HR Specialist,Analytics,"$113,612.08",,879 Robert Views,Loganbury,MI,31323,1975-08-25,On Leave
1502,Holly,Herrera,holly.herrera@@company.com,2024-01-15,HR Specialist,IT,54310.66,2002,92882 Lisa Curve Apt. 716,East Amanda,OH,22781,1993-01-17,Active
1503,Joseph,Riley,joseph.riley@walsh.com,2022-08-16,Data Analyst,IT,57326.26,2001,255 Schmidt Shore,Michaelport,KY,36027,1964-02-03,On Leave
1504,James,Baker,james.baker@lee-bond.org,2020-03-27,Software Engineer,Marketing,80302.66,2002,6179 Brian Bridge Suite 911,Petersenberg,RI,60637,2001-06-23,Active
1505,Christopher,Hampton,christopher.hampton@duffy-ramirez.com,2018-12-02,Data Analyst,HR,"$63,729.06",2003,3717 Pope Haven,East James,CO,42281,1981-02-20,Active
1506,Anna,Duncan,anna.duncan@woods.com,2022-07-19,Sales Representative,Sales,99211.43,2002,331 Kimberly Garden,South Jenniferberg,WA,15619,1980-02-24,Active
1507,Elizabeth,Booth,elizabeth.booth@reid-mayo.com,2024-02-04,Sales Representative,Analytics,"$77,082.00",2001,160 Munoz Squares Suite 145,Port Cassandra,AL,89102,1964-01-21,Inactive
1508,Sara,Lopez,sara.lopez@perry.com,2019-11-18,Data Analyst,Marketing,73383.68,2001,12651 Brendan Brooks Suite 445,Port Heather,PR,72770,1977-07-04,Inactive
1509,Amy,Rodriguez,amy.rodriguez@maldonado-contreras.com,2022-05-08,HR Specialist,Analytics,"$93,635.00",2003,3380 Kelley Manors,Lake Richard,LA,33265,1987-01-24,On Leave
1510,Matthew,Ortiz,matthew.ortiz@wong.com,2016-12-22,HR Specialist,IT,52593.91,2002,502 Mia Fords,New Calebside,AK,60654,1980-06-03,Active
1511,Ryan,Greene,ryan.greene@garcia-richardson.com,2026-12-09,Project Manager,Sales,147136.11,2002,970 Mcclure Roads Suite 117,Lake Monica,UT,60218,1970-10-06,Active
1512,James,Ward,james.ward@company,2024-07-31,HR SPECIALIST,marketing,100680.0,,293 Robertson Valley Suite 140,Brianmouth,NJ,21748,1993-12-12,Inactive
1513,Craig,Goodwin,craig.goodwin@frye.com,2018-09-25,SOFTWARE ENGINEER,IT,"$104,975.69",2002,2514 Frank Stream,Lake Thomasbury,MT,27927,1986-11-02,Inactive
1514,Brian,Cunningham,brian.cunningham@turner-smith.com,2023-03-03,Software Engineer,Marketing,143219.3,2003,3414 Curtis Rest Suite 881,New Carolhaven,CT,03314,1985-09-15,On Leave
1515,Tanya,Olsen,tanya.olsen@douglas-fox.com,2018-03-09,HR Specialist,Sales,"$113,418.25",2002,8735 Rich Crossroad Suite 638,West Alice,DE,10156,1990-12-19,Inactive
1516,Amy,Hays,amy.hays@brown.com,2020-04-28,Project Manager,Analytics,111988.72,,7269 Clinton Corner Apt. 210,Harperbury,FM,00836,1963-10-25,Inactive
1517,Gina,Dixon,gina.dixon@cain.com,2016-12-14,HR Specialist,Analytics,74834.88,2002,87617 Edward Stravenue,South Monica,ME,20776,1968-12-13,Inactive
1518,Shannon,Freeman,shannon@.com,2016-04-07,Software Engineer,HR,43768.45,2003,0871 Heather Oval,West Melissaton,WV,90915,1975-05-22,On Leave
1519,Kimberly,Mcdaniel,KIMBERLY.MCDANIEL@ARROYO.COM,2021-10-10,Software Engineer,Marketing,"$105,461.38",2003,554 Chris Brooks,South Angela,TN,41280,1997-08-05,On Leave
1520,Debra,Ramirez,debra.ramirez@dean.info,2016-04-03,Project Manager,IT,108888.54,2001,4627 Stephanie Flat Suite 490,Port Cynthia,MI,37427,1993-03-18,Inactive
1521,Sara,Ryan,SARA.RYAN@HOUSTON.COM,2021-06-12,Software Engineer,IT,86218.41,2003,85725 Tasha Port Apt. 799,Gwendolynhaven,DE,63378,1997-03-19,Inactive
1522,Joshua,Patterson,joshua.patterson@silva.com,2016-06-12,Sales Representative,Analytics,"$103,435.82",2002,3026 Hall Plaza,Gregoryview,CA,06602,1991-10-19,On Leave
1523,Catherine,Tate,catherine.tate@johnson.com,2024-01-05,Software Engineer,IT,"$124,270.11",2001,2916 Andre Port,Lake Jeremy,AL,11537,1995-09-08,On Leave
1524,Rhonda,Evans,rhonda.evans@faulkner-jackson.biz,2018-12-25,Data Analyst,HR,68838.8,2001,0653 Laura View,Patrickfort,PW,49719,1984-07-26,On Leave
1525,David,Dean,david.dean@martin.biz,2025-08-15,Project Manager,Analytics,122303.4,,790 Chang Hill,Lopezmouth,FM,85028,1990-11-20,Inactive
1526,Stanley,Franco,stanley.franco@sanchez.com,2023-05-02,PROJECT MANAGER,hr,122859.01,,720 Reed Light Suite 753,East Edwin,NC,48261,1975-09-22,Inactive
1527,Edward,Gray,edward.gray@ross.com,2022-02-25,HR Specialist,Analytics,52086.76,2003,0741 Powell Dam Suite 329,Ronaldton,VI,18841,1972-08-03,On Leave
1528,Robert,Brooks,robert.brooks@fuller.net,2023-02-21,Project Manager,Sales,72103.07,2003,682 Jennifer Shoal,Orozcochester,CT,95697,1979-11-07,On Leave
1529,David,Mendoza,david.mendoza@hall.com,2026-05-05,Software Engineer,HR,"$117,632.17",2002,78143 Joel Alley Apt. 668,New Michaelstad,GU,21574,1974-06-06,Inactive
1530,Thomas,Jackson,thomas.jackson@fisher.biz,2025-07-28,Sales Representative,Marketing,122313.33,2001,19007 Kimberly Land Suite 042,Lake Deborah,SC,87639,1981-07-07,Inactive
1531,Alexander,Collins,ALEXANDER.COLLINS@HURST-MORRISON.COM,2016-11-23,HR Specialist,Marketing,110192.97,,150 Robinson Ports Suite 976,South Michelle,MH,97689,1983-02-03,Inactive
1532,Frank,Burns,FRANK.BURNS@GAINES-BENNETT.COM,2023-11-03,Software Engineer,IT,99482.99,,28121 Diana Road,East Clinton,GU,92460,1966-01-07,On Leave
1533,Lisa,Hammond,lisa@for.com,2019-08-03,Software Engineer,Marketing,82210.51,2003,4102 Alexander Trace Apt. 612,Port Hectorshire,DE,94003,2002-12-14,Inactive
1534,Brittney,Matthews,brittney.matthews@lambert.org,2019-12-04,hr specialist,HR,110739.21,2001,0391 Thomas Row,Drewview,IA,32919,1965-10-17,Inactive
1535,James,Allen,JAMES.ALLEN@WILSON-MURRAY.COM,2016-04-09,Project Manager,IT,105247.89,2003,372 Cervantes Ports Suite 041,Shawnhaven,MO,44322,1974-12-06,Inactive
1536,Nathan,Delacruz,nathan.delacruz@houston-hall.com,2025-12-11,Sales Representative,IT,105498.14,2001,12638 Nicole Tunnel,Reginaton,DC,15650,1976-04-14,Inactive
1537,Dean,Hancock,dean.hancock@gray.com,2022-05-19,Data Analyst,IT,"$94,754.52",,267 Herrera Causeway,Stephanieton,NH,07546,1992-08-14,Inactive
1538,Joseph,Woods,joseph.woods@gould.org,2017-04-19,project manager,HR,115137.55,2001,06356 Marks View Apt. 687,New Shannon,AZ,35844,1984-04-01,On Leave
1539,Cheryl,George,CHERYL.GEORGE@STAFFORD-WALSH.COM,2022-09-16,DATA ANALYST,analytics,"$50,489.83",2003,8711 Morton Plains,Lake William,VI,03922,2002-06-07,On Leave
1540,Richard,Walker,richard.walker@austin-kim.com,2021-02-05,sales representative,hr,"$129,633.70",,37789 Jennifer Bypass,Mcdowellton,ID,54015,2000-09-23,Inactive
1541,Lindsey,Peterson,lindsey.peterson@hart-randall.com,2025-03-29,Software Engineer,IT,"$129,039.23",2001,445 Katrina Throughway Suite 614,New Rachel,LA,97680,1995-10-04,Inactive
1542,Robert,Munoz,robert.munoz@richardson.com,2022-08-04,PROJECT MANAGER,sales,"$112,505.91",,5065 Andrew Mill Apt. 154,Lake Laurachester,DC,09315,1969-11-01,Inactive
1543,Justin,Perkins,justin.perkins@hart.com,2020-12-17,Data Analyst,HR,149094.35,,825 Moore Courts Apt. 073,Kristinborough,NE,19720,2003-11-08,Active
1544,Anthony,Adams,anthony.adams@martinez.com,2016-08-10,Project Manager,Analytics,115815.05,2001,65403 Hampton Burgs,Phillipsfort,MH,89475,1972-04-02,Inactive
1545,Michael,Obrien,michael.obrien@bridges.biz,2018-08-09,hr specialist,MARKETING,53933.29,2003,42318 Avila Tunnel,Davidton,WV,17249,1976-08-13,Inactive
1546,Robert,Jennings,robert.jennings@west-duncan.com,2025-08-04,data analyst,IT,122090.6,2001,0179 Ortiz Course,New Nicole,MI,49129,1996-11-03,Inactive
1547,Sarah,Scott,SARAH.SCOTT@BAILEY-GARCIA.COM,2019-11-16,HR Specialist,HR,56147.42,2002,760 Gonzalez Route,Cunninghammouth,RI,26534,1994-07-01,Inactive
1548,Meghan,Chen,meghan.chen@phillips-soto.com,2021-12-01,Project Manager,Marketing,116500.85,2001,841 Seth Estates,Bonniebury,TN,14758,1984-09-20,Inactive
1549,Paula,Dalton,,2024-11-13,Data Analyst,Sales,"$86,002.36",,309 Laura Lock,Watsonborough,HI,74613,1966-06-25,Active
1550,Nicole,Rose,nicole.rose@moore-brown.net,2023-06-14,HR Specialist,Marketing,59807.27,2003,1241 Walsh Path,South Rebeccaborough,PW,35802,1994-01-17,Active
1551,Joshua,Waller,JOSHUA.WALLER@LEWIS-BECKER.COM,2025-07-22,Data Analyst,Sales,86447.64,2003,800 Melissa Court,West Daniel,KS,94571,1984-07-26,Inactive
1552,Andrew,Maldonado,andrew.maldonado@richardson.org,2023-08-04,Sales Representative,Sales,95362.12,2002,18729 Jessica Field Suite 901,North Jaimeton,NH,36076,1971-06-16,On Leave
1553,Dennis,Adams,dennis.adams@daniel.biz,2019-06-23,Project Manager,HR,"$61,353.40",,959 Smith Greens,South Davidtown,FL,60831,1983-07-17,Inactive
1554,Zachary,Jackson,zachary.jackson@peterson.info,2020-06-07,project manager,hr,105214.27,2003,81240 Mathews Flats Suite 804,Waltersmouth,UT,03309,1965-07-11,On Leave
1555,Chris,Knapp,chris.knapp@russell.org,2022-12-17,Project Manager,Sales,65910.32,,188 Austin Fields,East Justin,NM,34757,1966-06-29,Inactive
1556,Tim,Bauer,tim.bauer@bell.com,2023-01-12,Software Engineer,Marketing,100319.43,2003,3831 Mcdonald Club Suite 789,South Nathantown,RI,83045,1991-05-23,Active
1557,Pamela,Sims,pamela.sims@adams.info,2019-05-01,SOFTWARE ENGINEER,IT,"$100,938.02",,81978 Simmons Extension Apt. 153,Kathleenhaven,CT,04815,1987-12-03,Inactive
1558,Dylan,Russell,dylan.russell@wallace.com,2026-02-21,data analyst,IT,88620.71,2002,49874 Robert Glen Suite 847,Cynthiaberg,CA,17969,1997-07-05,Active
1559,Isaac,Campos,isaac.campos@@company.com,2024-11-15,Software Engineer,Sales,121979.88,2001,28962 Turner Extension Apt. 557,East Traci,MD,26391,1987-07-21,Active
1560,Todd,Vincent,todd.vincent@gates.com,2018-08-08,Sales Representative,Marketing,98698.79,,137 Mosley Neck Apt. 351,Aaronburgh,PW,45099,1986-08-11,Inactive
1561,Jason,Cook,jason.cook@terry-williams.com,2017-07-27,Data Analyst,Analytics,89127.58,2001,96440 Anthony Valleys Apt. 378,East Valerieport,OK,14728,1969-12-07,Active
1562,William,Ward,william.ward@murray.com,2019-07-07,Data Analyst,Marketing,"$88,843.57",2001,786 James Island Apt. 623,South Coleshire,SD,82313,1977-01-01,Inactive
1563,Julie,Perry,julie.perry@morris.org,2017-05-15,sales representative,MARKETING,44284.23,2001,6063 John Trail,East Melissafort,FL,38875,1988-06-24,On Leave
1564,Debra,Russell,debra.russell@cooper.com,2025-03-21,Data Analyst,Analytics,"$122,281.05",2003,196 Desiree Knoll Apt. 525,Lake Vincentberg,MA,78957,2002-09-14,Active
1565,Michelle,Manning,michelle.manning@guerrero.com,2020-10-08,Software Engineer,Marketing,79058.57,2002,191 Nguyen Mountains,Johnsonhaven,AZ,92557,1962-01-24,Active
1566,Brandon,Vazquez,brandon.vazquez@martin.com,2023-11-23,Sales Representative,Analytics,75630.92,2003,443 Rios Lane Apt. 961,Mcdanielshire,MI,20649,1972-12-08,On Leave
1567,Herbert,Hernandez,,2024-07-21,HR Specialist,HR,"$123,480.35",,13097 Isaac Mountains,Lake Valerie,AZ,02853,1982-09-18,Active
1568,Monica,Sanders,monica.sanders@lewis.com,2020-06-28,Sales Representative,Analytics,62268.28,2001,3847 Walker Isle Apt. 146,Pittsmouth,NJ,45229,1984-10-21,On Leave
1569,Thomas,Fleming,thomas.fleming@reyes.com,2017-11-06,Data Analyst,HR,90689.52,2001,09984 Krystal Flat,Cartermouth,HI,47692,1973-08-18,Inactive
1570,Chad,Wallace,CHAD.WALLACE@WHITE.COM,2026-10-23,Software Engineer,Analytics,99893.2,2003,6354 Mitchell Track,Fitzgeraldchester,DE,87359,1992-01-06,Active
1571,Hannah,Smith,hannah.smith@chapman.info,2024-07-19,Data Analyst,Sales,143045.37,2003,5173 Ewing Locks Suite 825,Michelleport,CT,78817,1974-08-01,Inactive
1572,Cassandra,Winters,cassandra.winters@gibson.info,2019-06-20,Data Analyst,Marketing,55760.05,,62297 April Pine,Lake Jessica,OK,35509,1984-04-28,Inactive
1573,Caitlin,Miller,caitlin@.com,2027-02-03,HR Specialist,Sales,134049.44,2002,1612 Kristina Green,Elizabethmouth,LA,08563,1974-09-24,Active
1574,Debbie,Ramirez,,2019-08-07,sales representative,hr,"$50,285.27",2001,13836 Gardner Prairie,Port Patrick,MP,95677,1962-03-27,Active
1575,Shelly,Chavez,,2025-08-06,Project Manager,HR,126372.48,2001,881 Brooks Knoll,West Williamton,MO,65289,1994-08-27,On Leave
1576,Sara,Ryan,sara.ryan@bowman-hawkins.net,2026-12-01,Sales Representative,Marketing,129514.0,2002,0884 Park Station,South Shane,MT,63559,1962-12-30,On Leave
1577,Marvin,Sutton,marvin.sutton@hughes.net,2019-09-04,PROJECT MANAGER,marketing,"$76,183.89",2001,92209 Fields Loaf,South Troyburgh,VT,11418,1977-03-18,On Leave
1578,Kristen,Byrd,KRISTEN.BYRD@THOMPSON-EATON.COM,2016-09-23,Project Manager,HR,140997.44,2001,18709 Tiffany Place,North Debra,KY,42745,1967-01-07,On Leave
1579,Caitlin,Anderson,caitlin.anderson@martin.info,2021-04-23,Data Analyst,Sales,"$118,317.63",,82519 Zachary Summit Apt. 117,Lake Denisestad,OK,51922,1984-09-08,Inactive
1580,Emma,Rios,EMMA.RIOS@HOOPER-PATTERSON.COM,2017-01-26,Software Engineer,Marketing,"$105,225.23",,02303 Michael Mews,Amyview,MA,67026,1976-01-14,Inactive
1581,Robert,Hensley,robert@and.com,2021-01-09,Sales Representative,Analytics,"$93,984.08",,2480 Justin Vista,Riceland,CT,87110,2002-05-21,Active
1582,Nicole,Benitez,nicole.benitez@scott.com,2023-04-28,Data Analyst,HR,"$63,578.28",2001,90588 Joshua Turnpike Suite 150,West Thomas,CT,96128,1970-09-07,Active
1583,William,Cooper,william.cooper@company,2024-10-30,Software Engineer,IT,"$83,877.24",2002,556 Campbell Bypass Suite 635,Lake Lisaport,DC,78027,1990-09-11,On Leave
1584,Scott,Jefferson,scott.jefferson@hall.info,2019-12-01,SALES REPRESENTATIVE,hr,61076.89,2001,91690 Lambert Well Apt. 982,Nicholasview,AZ,69296,1966-11-19,Active
1585,Paul,Gonzalez,paul.gonzalez@smith.com,2019-02-14,Data Analyst,Marketing,63714.16,2003,4453 Jones Ranch,Port Justinstad,NE,58728,1993-12-09,Active
1586,Deborah,White,deborah.white@taylor-jones.info,2017-06-21,Data Analyst,HR,147390.99,2002,4412 Porter Avenue Apt. 940,West Albertton,MS,73463,1982-11-05,Inactive
1587,Chad,Lucas,chad.lucas@moody.com,2020-03-19,Data Analyst,Sales,119578.68,2001,490 Lindsey Walk,West Sharon,SD,82861,1978-04-17,Active
1588,Nathaniel,Jones,NATHANIEL.JONES@THOMAS-CARROLL.COM,2020-06-23,HR SPECIALIST,HR,148452.63,2003,4919 Williams Estates,Thomasmouth,OH,91200,1966-02-25,Inactive
1589,Michael,Griffith,michael.griffith@company,2020-11-22,Project Manager,Marketing,79004.18,2003,4609 Torres Parkways Suite 448,North Bridgetview,CT,01571,1983-02-24,On Leave
1590,Samantha,Neal,samantha.neal@burgess-doyle.com,2018-06-23,Software Engineer,Sales,109286.14,2003,058 Gutierrez Rest Suite 044,Bergbury,AZ,94613,2000-11-12,Active
1591,John,Walsh,john.walsh@collins-lewis.com,2017-04-17,software engineer,hr,"$98,816.67",2003,30239 Sandra Crescent,Diazbury,NM,70290,1981-08-31,On Leave
1592,Jason,Nielsen,,2023-11-01,Data Analyst,Sales,104794.67,,4693 Davis Circle Apt. 800,Robertchester,WI,09188,1973-10-08,On Leave
1593,Nicholas,Baxter,NICHOLAS.BAXTER@HUBBARD.NET,2018-10-31,Sales Representative,Analytics,43709.99,2003,263 Curtis Isle Suite 330,New Michaelmouth,TN,53927,1985-07-11,Active
1594,Cynthia,James,cynthia.james@page.com,2024-12-23,SOFTWARE ENGINEER,analytics,"$149,856.43",2001,7501 Nichole Falls,Weberfurt,IL,20402,1960-09-03,On Leave
1595,Elizabeth,Howell,ELIZABETH.HOWELL@GREEN-WATSON.COM,2025-12-17,Software Engineer,Marketing,"$107,202.70",2003,9408 Lisa Lock Suite 969,Mallorychester,OK,91079,1964-07-31,On Leave
1596,Thomas,Harrell,thomas@.com,2018-12-17,Sales Representative,Marketing,120720.95,,77937 Debra Creek,Michaelburgh,TN,14763,1995-01-21,Inactive
1597,Gloria,Parker,gloria.parker@waters-lyons.info,2018-10-11,HR Specialist,IT,"$141,467.14",,9368 Gilbert Stream,New Markborough,UT,11666,1992-01-02,On Leave
1598,George,Willis,george.willis@george-hickman.com,2020-11-11,Data Analyst,HR,124105.67,,54810 Kimberly Locks Suite 347,Lake Amymouth,WY,47616,1962-09-05,Inactive
1599,Brandon,Mcdaniel,brandon.mcdaniel@shaw.org,2022-09-20,Sales Representative,Marketing,"$115,254.43",,7130 Austin Ridges Suite 748,East Michael,CT,46654,1980-04-07,Active
1600,Ellen,Chen,ellen.chen@ortiz.com,2019-09-09,HR Specialist,Marketing,82748.16,,4625 Ricardo Street Apt. 653,New Kerri,CA,58070,1985-06-13,On Leave
1601,Ryan,Franklin,ryan.franklin@stewart-hernandez.info,2024-07-10,Data Analyst,Analytics,"$118,224.60",2002,7160 Laura Via Suite 137,New Juanland,MA,52606,1960-10-15,On Leave
1602,Elizabeth,Stein,elizabeth.stein@newman.org,2023-10-06,Project Manager,HR,"$101,738.44",2003,5249 Terri Mills Apt. 370,Gailmouth,GU,17454,1982-07-04,Inactive
1603,Kenneth,Hart,kenneth.hart@green.com,2020-05-29,HR Specialist,IT,51492.79,2001,4512 Weber Mountain,Deanside,IL,89827,1962-07-27,Active
1604,Amber,Foley,amber.foley@johnson.com,2026-06-05,DATA ANALYST,SALES,"$68,086.60",2003,2694 Williams Village Apt. 428,Sarahport,VA,14969,1973-12-19,On Leave
1605,Heather,Stanley,heather.stanley@bailey-ray.com,2019-07-07,Project Manager,IT,132570.43,,2894 Taylor Ways,Kellyside,AL,73610,1976-08-08,On Leave
1606,Robert,Ramirez,robert.ramirez@campbell.com,2024-03-27,Data Analyst,Analytics,"$78,978.50",2002,15752 Wood Way Suite 338,Martinfurt,AS,91739,1963-06-01,On Leave
1607,Kimberly,Thomas,kimberly.thomas@rowe.com,2021-07-11,Project Manager,HR,140318.69,2001,703 Paul Prairie Apt. 538,Dwaynetown,HI,39456,1988-04-18,On Leave
1608,Isaac,Merritt,isaac@we.com,2017-05-19,Sales Representative,IT,45535.35,2001,511 Robinson Valleys,Port Jonathanstad,ME,14919,1991-09-08,On Leave
1609,Kathy,Johnson,kathy.johnson@williams-murray.com,2016-06-10,HR Specialist,HR,66402.84,2002,718 Hannah Squares,Derekhaven,AS,98999,1985-04-15,Inactive
1610,Craig,Kelly,craig.kelly@flores-wright.info,2022-07-25,Software Engineer,IT,85997.94,2003,25725 Joe Loaf,East Jennifer,WI,25617,1961-05-13,Inactive
1611,Adam,Martin,ADAM.MARTIN@GLENN.COM,2018-02-19,Software Engineer,HR,122334.87,2002,226 George Isle Suite 201,Nicholaschester,MO,02833,1972-08-26,Inactive
1612,Jessica,Daniel,JESSICA.DANIEL@ROMERO.COM,2016-08-20,HR Specialist,Analytics,"$149,393.47",,1245 Brown Station Apt. 292,Port Daniellemouth,AR,75744,1976-05-20,On Leave
1613,Michael,Aguilar,michael.aguilar@robertson.com,2017-10-13,Project Manager,Marketing,94579.77,2002,41003 Sherry Wells,Elizabethchester,AZ,19785,1971-09-14,Inactive
1614,Dalton,Fowler,dalton.fowler@collins.com,2022-07-13,Project Manager,Marketing,"$118,716.53",2002,86707 Jacob Crossroad,Duffystad,KY,88346,1982-02-14,Active
1615,Johnny,Dennis,johnny.dennis@sanchez.info,2016-07-29,Software Engineer,HR,45284.91,2002,6390 Johnson Extensions,Port Scott,NV,29409,1983-07-14,On Leave
1616,Michael,Yates,michael.yates@wells.com,2026-04-15,HR Specialist,IT,109815.05,,44886 Wallace Route Suite 394,Emilystad,AR,36613,1996-04-23,Active
1617,Joel,Garcia,JOEL.GARCIA@BROOKS.COM,2017-03-19,software engineer,ANALYTICS,48590.62,,846 Torres Cape Apt. 046,East Taylor,AK,94176,1974-10-22,Inactive
1618,Brittany,Nelson,brittany@job.com,2026-09-18,Data Analyst,Marketing,60331.27,2001,306 Pacheco Harbors,Whiteshire,MO,66395,1983-12-28,On Leave
1619,Kevin,Walls,kevin.walls@shelton-cannon.com,2023-06-07,Data Analyst,Sales,"$106,140.93",2003,7755 Martin Lock,North Victoriaberg,HI,66735,1987-05-29,Active
1620,Mitchell,Estrada,MITCHELL.ESTRADA@CAMPBELL-SMITH.COM,2017-03-24,Data Analyst,HR,71204.79,2002,95806 Yates Forge Apt. 413,East Kristin,MT,10344,1996-02-24,On Leave
1621,Brittany,Bauer,brittany.bauer@gonzalez.com,2026-03-18,HR Specialist,IT,44542.02,2001,39362 Tamara Plaza Suite 573,North Matthewberg,WY,62390,1982-03-14,Inactive
1622,Guy,Watkins,guy.watkins@wheeler.net,2018-10-11,HR Specialist,Sales,"$87,891.46",2002,5300 Ronald Views,Lake Robertfort,CO,51245,1973-01-02,On Leave
1623,Kevin,Tanner,,2019-07-01,sales representative,ANALYTICS,113085.93,2001,63164 Zimmerman Shores Apt. 546,North Alicia,IN,43453,1987-02-06,On Leave
1624,Eric,Ferguson,eric.ferguson@house.biz,2017-06-01,Project Manager,IT,102280.95,2002,30958 Sherry Pine,New David,ND,40592,1988-08-04,On Leave
1625,Kevin,Singleton,kevin.singleton@smith.net,2017-06-06,HR Specialist,Analytics,"$45,065.72",2001,954 Dickson Stravenue,West Markburgh,TX,15151,1991-06-04,Active
1626,Terri,Dennis,terri.dennis@wood-alexander.org,2025-10-22,Sales Representative,HR,89423.96,,8356 Sara Orchard Suite 890,Port Nicole,OH,75063,1996-02-24,Active
1627,Joshua,Woodward,joshua.woodward@barrett-reyes.org,2018-09-06,Project Manager,HR,54710.18,,34942 Blackwell Junctions,West Juliebury,AK,19180,1996-03-29,On Leave
1628,Erica,Nash,erica@early.com,2022-11-02,Project Manager,Analytics,"$96,555.60",2002,010 Roberts Shores,North Jennifer,DE,20080,1994-04-03,Active
1629,Brian,Booker,brian.booker@garza.com,2021-08-10,Software Engineer,HR,96153.95,,65594 Jeremiah Mountain Suite 028,Sanchezfort,MP,70458,1976-01-04,On Leave
1630,Kelly,Carpenter,kelly.carpenter@deleon.info,2019-12-11,SOFTWARE ENGINEER,SALES,"$43,912.93",2003,431 Richard Place Apt. 001,East Crystalbury,MA,59627,1989-04-23,Inactive
1631,Suzanne,Lopez,suzanne.lopez@hoffman.com,2021-04-22,HR Specialist,Analytics,51704.26,2003,93368 Morris Street,South Bryanchester,GU,90245,1990-03-24,Inactive
1632,Joann,Johnson,joann.johnson@velazquez.com,2022-04-16,data analyst,MARKETING,"$132,168.82",2003,7523 Kathy Springs,East Chrisbury,WV,61744,1962-08-08,Inactive
1633,James,Waters,james.waters@page.org,2025-04-13,Software Engineer,Marketing,131526.68,2003,71860 Miller Forest Suite 120,Howellstad,ID,38129,2003-01-22,Active
1634,Eric,Hudson,ERIC.HUDSON@FIGUEROA.COM,2017-10-01,Software Engineer,Sales,60976.48,2003,80831 Wells Flats Apt. 830,Brownville,SD,35512,1994-12-19,On Leave
1635,Jason,Wilson,jason@opportunity.com,2021-04-08,Software Engineer,Marketing,"$88,063.89",2003,56740 Justin Glen,Lake Anthony,AK,39791,1970-08-12,On Leave
1636,Christina,Aguirre,christina@set.com,2026-06-16,HR Specialist,Sales,96335.56,,70759 Smith Wells,Jasonmouth,MO,26169,1977-10-10,Inactive
1637,Robert,Ferguson,robert.ferguson@pearson-ali.com,2019-01-12,Data Analyst,HR,131435.67,2002,4289 Andrade Flats,Port Lancehaven,NV,69949,2000-02-15,Inactive
1638,Jeffrey,Petersen,jeffrey.petersen@graves.com,2025-01-19,Data Analyst,Sales,90229.16,2003,741 Heather Loaf,Mendozaport,MI,04096,1976-12-21,Inactive
1639,Chelsea,Harris,chelsea.harris@ball.net,2021-06-25,HR Specialist,Sales,133517.3,2001,8620 Dawn Islands Apt. 497,East Maryberg,OR,87495,1965-03-07,On Leave
1640,Kimberly,Hernandez,kimberly@inside.com,2017-10-04,Data Analyst,Analytics,42503.11,2001,936 Gentry Isle Suite 316,South Dennis,NC,73391,1968-09-07,Active
1641,Patricia,Russo,PATRICIA.RUSSO@BARRETT-BROWN.COM,2024-11-26,Software Engineer,Analytics,142851.23,,7403 Christopher Shores Suite 515,Pattonburgh,CT,83132,2000-04-27,Active
1642,Jacob,Doyle,jacob.doyle@ritter-evans.com,2019-12-31,Software Engineer,Marketing,63126.53,2001,70174 Johnson Via Apt. 930,Kruegerville,AZ,15917,1979-06-11,Active
1643,Tammy,Henderson,tammy.henderson@ferguson-ball.org,2021-12-26,Data Analyst,IT,144879.95,,357 Valdez Falls,Isabelside,MP,95814,1975-09-01,On Leave
1644,Sharon,Cox,sharon.cox@jones.com,2020-08-09,Sales Representative,HR,105203.81,2001,0121 Day Tunnel Suite 842,North Danaburgh,NY,08352,1971-12-01,On Leave
1645,James,Adams,james.adams@kennedy-dickson.org,2017-10-16,Software Engineer,HR,86059.01,2002,9883 Washington Forge,East Samantha,KS,11450,1963-03-08,On Leave
1646,Todd,Blankenship,todd.blankenship@lee-garrett.com,2019-12-03,Sales Representative,Analytics,98281.7,,68051 Zachary Garden Suite 407,East Susanchester,LA,35959,1981-07-06,On Leave
1647,Kristina,Stevens,kristina.stevens@king.com,2020-02-13,project manager,MARKETING,"$133,507.59",2001,6083 Julia Drives Suite 334,East Jessica,AL,08325,1999-01-10,Inactive
1648,Jodi,Patel,jodi.patel@walker.biz,2026-05-14,HR SPECIALIST,ANALYTICS,43202.93,2001,987 Robert Manors Apt. 014,Wellsfurt,TX,27694,1967-12-15,Inactive
1649,Katherine,Dominguez,,2019-05-10,Project Manager,Marketing,75407.85,,3391 David River,Port Megan,NV,56542,1995-11-30,Inactive
1650,Pamela,Hall,pamela.hall@thompson.com,2016-05-21,HR Specialist,Marketing,47721.52,2001,88121 Marilyn Station Suite 884,New Jeffery,DE,03403,1997-07-21,Active
1651,Anthony,Johnson,anthony.johnson@harris.com,2024-03-27,data analyst,sales,104058.89,2002,79943 Nichols Terrace,Brandyport,OR,69532,1963-03-20,Inactive
1652,Thomas,Hancock,thomas.hancock@reese.com,2019-10-23,Project Manager,Analytics,137475.09,2001,08670 Angela Glen,Thomasberg,WY,77936,1980-08-24,On Leave
1653,Laurie,Sanchez,laurie.sanchez@montoya.com,2018-06-11,SOFTWARE ENGINEER,ANALYTICS,"$68,995.05",2002,14044 Hernandez Path,Millerhaven,ND,24097,2000-02-14,On Leave
1654,Tammy,Horton,tammy.horton@wade.com,2023-09-10,Data Analyst,Sales,109086.13,2002,8541 Carlson Rapids Apt. 167,Lindamouth,VA,57012,1977-05-02,Inactive
1655,Rebecca,West,rebecca.west@friedman.info,2022-08-15,Project Manager,HR,"$97,351.37",2001,10266 Marcia Skyway Suite 397,Bethport,AS,24746,2003-11-14,Active
1656,Christy,Gay,christy.gay@@company.com,2017-02-13,HR SPECIALIST,SALES,146819.85,2003,2226 Mary Trail Suite 353,East Jeffreymouth,SD,01668,1962-10-22,Inactive
1657,Nancy,Jones,nancy.jones@manning-shelton.com,2018-10-28,SOFTWARE ENGINEER,MARKETING,"$51,819.92",2002,0050 Daniel Bridge,Adamsburgh,WA,74207,1979-10-18,On Leave
1658,Kevin,Brown,KEVIN.BROWN@GREEN-ROBERTSON.COM,2019-05-17,Data Analyst,Sales,111969.16,2002,6574 Serrano Grove,Fisherview,AK,44496,1980-11-13,Inactive
1659,Amanda,Johnson,amanda.johnson@price-freeman.info,2020-07-06,Sales Representative,IT,"$77,077.43",2002,83392 Butler Underpass,Lake Joyton,AS,15196,1989-06-30,On Leave
1660,Shawn,Smith,shawn.smith@carpenter.com,2026-02-23,Software Engineer,HR,146835.32,2002,423 Morales Place Suite 700,Matthewton,TN,05309,1963-07-08,Active
1661,Juan,Williams,JUAN.WILLIAMS@WISE.BIZ,2023-04-21,Project Manager,Analytics,118437.63,2001,873 Henry Shore,East Cindyfort,RI,83978,1989-02-19,Inactive
1662,Daryl,Wilson,daryl.wilson@thompson.biz,2020-04-07,Project Manager,Marketing,71394.48,2002,54840 Kayla Junctions Apt. 938,Port Karen,VA,70848,1967-12-31,Active
1663,Lori,Ward,lori.ward@smith.com,2021-05-17,Data Analyst,HR,"$132,906.60",2003,36692 Russo Street Suite 773,Port Travis,OK,33646,1982-05-29,On Leave
1664,Nicholas,Davidson,nicholas.davidson@lewis-morton.info,2020-10-11,hr specialist,analytics,"$105,526.57",,2791 Castaneda Trail,New Emmaborough,CO,56050,1997-01-27,On Leave
1665,Sean,Wilson,sean.wilson@knox-silva.biz,2021-12-08,Project Manager,IT,"$93,363.45",,167 Melissa Point,East Brandonton,OK,10494,1964-01-14,Active
1666,Natasha,Alvarado,natasha.alvarado@young.com,2016-08-06,HR SPECIALIST,hr,"$122,253.11",2001,0240 Natasha Mount Apt. 810,Davidhaven,PR,32402,1989-01-30,On Leave
1667,Aaron,Garrison,aaron@.com,2020-01-01,DATA ANALYST,HR,"$131,754.85",,342 Ward Roads Apt. 962,North Cassandra,NM,47502,1966-09-27,Active
1668,Kevin,Thornton,kevin.thornton@santana-atkins.info,2024-01-15,Sales Representative,Marketing,108159.5,2001,53598 Williams Shores,Johntown,MN,21860,1992-09-26,Active
1669,Matthew,Johnson,MATTHEW.JOHNSON@LAWRENCE.COM,2021-02-20,Data Analyst,IT,66994.56,2002,768 Jenna Bridge Apt. 356,South Nicholasmouth,VI,96033,1995-08-12,Active
1670,Mark,Smith,mark.smith@taylor-adams.com,2022-02-21,Data Analyst,Sales,104268.6,2003,05940 Garcia Shores,Lake Cesar,IN,33511,1992-04-26,Active
1671,Susan,Green,susan.green@bush.com,2019-02-19,Project Manager,HR,71769.96,,6561 Mark Overpass,Port Ashley,OK,63037,1992-07-26,On Leave
1672,Walter,Owen,walter.owen@perez.com,2016-10-19,sales representative,SALES,69856.64,2002,378 Robin Mills Apt. 144,Jamesborough,CA,05785,1980-10-30,On Leave
1673,Michael,Bridges,michael.bridges@lane.net,2017-10-21,Software Engineer,HR,95981.83,2003,806 Brittany Station Apt. 004,North Victoriaville,IN,41181,2003-01-05,On Leave
1674,Holly,Morgan,holly@.com,2021-05-12,Project Manager,HR,144842.98,2002,884 Silva Valleys Apt. 789,Morenofurt,IL,35537,1961-03-12,Active
1675,Diane,Torres,diane.torres@melendez-jackson.com,2024-02-23,Project Manager,IT,95846.42,2001,17041 Bradley Avenue,Port Grace,WY,68209,1976-12-16,Inactive
1676,Valerie,Smith,valerie.smith@pena-dixon.com,2021-06-20,Software Engineer,Marketing,115050.12,2001,8189 Amber Islands,Blackwellfurt,WY,27053,1966-05-16,On Leave
1677,Kevin,Terry,kevin.terry@company,2023-10-16,Data Analyst,HR,108025.43,2003,0101 Daniel Burg Suite 030,Michaelland,MI,18751,1961-05-15,On Leave
1678,Brandon,Holden,brandon.holden@company,2024-05-09,Sales Representative,Marketing,"$62,897.47",2003,02158 Rebecca Flats Suite 909,Jonesland,ME,63965,1996-03-23,Active
1679,Allison,Ingram,allison.ingram@watson.com,2017-10-14,Sales Representative,IT,65852.69,2002,360 Kevin Way Suite 297,North Timothychester,NE,47633,1998-06-17,Active
1680,Allen,Martinez,allen.martinez@peters.com,2025-01-13,DATA ANALYST,sales,54560.33,,742 Lisa Crest,Bradleystad,SC,10159,1963-08-25,Active
1681,Julie,Mercado,JULIE.MERCADO@THOMPSON.BIZ,2018-03-26,Project Manager,Sales,89790.82,2002,0612 Sanders Views Apt. 562,Molinaton,MN,07774,1998-11-27,Active
1682,Sherry,Evans,sherry.evans@peters.info,2022-09-13,Project Manager,IT,61787.88,,72432 Robertson Isle,West Emilyside,ND,55609,1993-04-02,Inactive
1683,Daniel,Hayden,daniel.hayden@kaiser.net,2020-08-06,Project Manager,IT,"$76,741.57",2003,795 Jose Crossroad Suite 527,Williamland,MO,53259,1960-07-03,On Leave
1684,Mackenzie,Gilbert,mackenzie.gilbert@ward-hart.com,2026-05-05,SOFTWARE ENGINEER,analytics,139996.16,2002,51149 Jeffrey Cliffs,East Ryan,GA,98697,1978-07-26,Inactive
1685,Amy,Jackson,amy.jackson@mccann.info,2018-01-09,Software Engineer,Sales,136072.98,2001,139 Schultz Meadows Apt. 095,East Ann,CT,34014,1988-07-26,On Leave
1686,Charles,Blackwell,CHARLES.BLACKWELL@GOODWIN.ORG,2025-10-22,Project Manager,IT,75162.76,2003,21328 Summers Junction,West Justinland,MO,35486,2000-08-16,Inactive
1687,Brandon,Parker,brandon.parker@johnson.org,2023-05-22,Sales Representative,Sales,55479.24,2003,78938 Cooper Road Apt. 321,North Davidstad,MP,93738,1966-06-20,On Leave
1688,Kenneth,Erickson,kenneth.erickson@garcia-patterson.com,2019-09-01,Project Manager,Marketing,141493.69,,9716 Smith Mall Suite 417,Malonestad,VI,59676,1996-01-05,On Leave
1689,Jill,Brown,jill.brown@myers.com,2019-05-11,Sales Representative,HR,106630.81,2001,0961 Lawrence Square,Bakerview,NJ,02874,1979-04-17,On Leave
1690,Meredith,Richardson,meredith.richardson@scott.com,2022-01-15,HR Specialist,HR,104892.45,,906 Flores Orchard,North James,MA,57148,2001-06-17,Inactive
1691,Jenna,Brown,jenna.brown@baker.com,2023-01-24,Project Manager,Marketing,121496.32,2003,88681 Sanchez Fall,Port Jessicabury,FM,18357,1983-12-01,On Leave
1692,James,Norman,james.norman@wilson.com,2023-04-21,Project Manager,Analytics,60588.19,2001,40925 Chandler Spurs Apt. 207,Michaelland,NH,99462,1966-07-11,Inactive
1693,Amy,Powers,amy.powers@allen-kaufman.com,2017-03-04,Software Engineer,HR,126567.23,,0525 Rebecca Square,East Nicole,NM,09324,1965-04-15,Inactive
1694,Perry,Garrison,perry.garrison@washington.info,2026-11-23,PROJECT MANAGER,marketing,"$92,800.34",2002,21285 Johnson Vista,Jacksonland,PW,14100,1975-02-01,Inactive
1695,Mary,Young,mary.young@gray.com,2024-08-22,Project Manager,Analytics,121704.58,2002,1165 Tony Divide Apt. 679,West Josephchester,AR,07027,1988-12-28,On Leave
1696,Anthony,Parker,anthony.parker@ballard.com,2022-04-26,Data Analyst,Marketing,68425.18,2003,203 Becker Mission Apt. 157,Campbellborough,OK,01271,1982-03-15,Active
1697,Willie,Marshall,willie.marshall@bennett-thomas.com,2018-02-26,Data Analyst,Analytics,"$53,926.71",2002,3973 Michael Locks Suite 740,Parkerfurt,AS,89071,1994-07-23,Active
1698,Robert,Parrish,robert.parrish@gonzalez.com,2025-01-06,PROJECT MANAGER,analytics,128487.42,2002,90542 Hall Islands,Lake Madisonport,DE,67699,1988-07-09,On Leave
1699,Francisco,Warren,francisco@.com,2017-11-27,Project Manager,Sales,108814.75,,4985 Perez Cape,Jasonview,CO,79563,1971-01-25,On Leave
1700,Brittany,Wilkinson,brittany.wilkinson@golden.info,2025-08-18,HR Specialist,IT,"$74,868.53",2001,96405 Frey Mountain Apt. 708,Andersonport,VI,60036,2000-01-11,Inactive
1701,Brian,Castro,brian.castro@bell.com,2025-08-19,project manager,hr,129333.56,2002,974 Jared Rest,Deborahville,GA,08075,1963-10-22,Active
1702,Ashley,Miller,ashley.miller@wilson.com,2026-02-13,Data Analyst,Marketing,110886.43,2001,759 Duane Orchard Suite 162,North Lisa,MH,70543,1987-11-18,On Leave
1703,Brenda,Wiley,brenda.wiley@clark.com,2017-11-26,PROJECT MANAGER,it,"$145,258.79",2002,1599 May Drives Apt. 957,South Sarahshire,AS,52077,1967-12-23,Inactive
1704,Derek,Harrington,derek.harrington@lane.com,2024-12-15,hr specialist,sales,64899.84,,87150 Corey Neck,Norrisfort,WY,35988,1988-09-14,Active
1705,Andrea,Jackson,andrea.jackson@@company.com,2024-03-08,Project Manager,Analytics,121449.49,2002,9701 Scott Ridges Suite 328,East Suzanne,MA,18750,2002-07-22,Inactive
1706,Kelly,Williams,kelly.williams@greer.net,2020-02-23,Sales Representative,IT,90511.55,2001,6864 Melissa Common,Dwayneborough,MO,26065,1976-08-05,Inactive
1707,Thomas,Cortez,thomas.cortez@lopez.org,2019-07-08,HR Specialist,Analytics,"$89,058.79",2001,7579 Courtney Stravenue Suite 588,Crystalland,NH,82100,1979-11-13,On Leave
1708,Charles,Snyder,charles.snyder@roberts.com,2017-04-30,Sales Representative,Marketing,147032.53,,88274 John Inlet,North Adam,DE,02941,1965-10-10,On Leave
1709,Mary,Turner,mary.turner@hale-klein.com,2016-04-07,Data Analyst,HR,130637.98,2002,17276 Scott River Apt. 932,Schmidtfurt,CT,56403,1979-10-18,Active
1710,Seth,Wilcox,seth.wilcox@conner.com,2021-06-23,Data Analyst,HR,73649.81,,900 Wolf Road Apt. 857,New Caleb,MS,03752,1985-10-18,On Leave
1711,Michelle,Evans,michelle.evans@salazar.biz,2020-12-15,HR Specialist,Marketing,118054.72,2002,83700 Bradford Ramp Apt. 071,Lake Julie,NJ,16951,1977-02-21,Active
1712,Kelly,Atkinson,kelly.atkinson@davis.org,2017-03-10,DATA ANALYST,SALES,41959.93,2003,58945 Smith Branch Apt. 495,Kristinashire,IL,95764,1976-06-04,On Leave
1713,Jeffrey,Deleon,jeffrey.deleon@ward.com,2020-04-22,Sales Representative,Sales,"$87,072.06",2001,2627 Jared Common Apt. 475,Christopherton,VA,99948,1975-10-14,On Leave
1714,Steven,Vazquez,steven.vazquez@ward-garrett.biz,2026-02-05,Data Analyst,Sales,72570.43,2001,021 Mark Knolls,New Ryanview,OR,15528,1979-05-19,On Leave
1715,Linda,Martin,linda.martin@martinez.com,2027-02-15,data analyst,it,100910.77,2001,8821 Latoya Walks Suite 785,South Robertfurt,AS,58605,1984-03-27,Inactive
1716,Patrick,Burns,patrick.burns@roach.info,2021-06-24,Project Manager,Sales,68768.59,2002,936 Susan Port Apt. 945,Williamsshire,DE,81462,1967-05-17,Inactive
1717,Melanie,Khan,melanie.khan@howell.info,2023-06-14,Software Engineer,Analytics,"$54,526.86",,9247 Glover Station,Chavezside,PR,72327,1968-11-07,Active
1718,Carol,Edwards,carol.edwards@browning.com,2024-04-14,Data Analyst,HR,88485.93,2002,603 Johnson Forest Suite 319,Lake Hannahport,IN,72260,1965-01-31,On Leave
1719,Anthony,Fields,anthony.fields@johnson.com,2018-09-25,hr specialist,analytics,93684.58,2003,5275 Karen Pass,East Hannah,MP,31789,1992-04-02,Active
1720,Angelica,Hughes,angelica.hughes@@company.com,2021-02-15,Sales Representative,Marketing,113723.86,2001,1778 Jackson Forest Suite 375,West Joanna,NC,29055,1993-11-24,Active
1721,Lisa,Fuentes,lisa.fuentes@jackson-vazquez.biz,2022-03-07,HR Specialist,Analytics,91379.0,2003,679 Lance Knoll,Trevorview,OK,09926,1965-08-03,Active
1722,Jeffrey,Perez,jeffrey.perez@reynolds-williams.net,2023-03-06,Project Manager,Analytics,115655.76,2003,435 Patterson Gardens Apt. 997,Odomport,WY,82307,1978-08-15,On Leave
1723,Teresa,Fisher,teresa.fisher@carlson.org,2021-09-09,Data Analyst,Analytics,115224.75,2003,33406 Hernandez Bypass Apt. 052,Wongborough,MO,72754,2001-05-16,Active
1724,Eric,Shaw,eric.shaw@cross.com,2022-08-16,HR SPECIALIST,IT,106359.84,2002,47448 Mclean Prairie Suite 903,Edwardsside,DC,62928,1969-04-21,On Leave
1725,Robert,Merritt,robert.merritt@green.biz,2025-03-13,Sales Representative,Marketing,131498.94,2002,54657 Myers Groves,Hessmouth,MD,45423,1977-05-14,Active
1726,Kathy,Hill,,2021-02-23,SALES REPRESENTATIVE,SALES,97835.65,2001,1659 Brown Views,Jonathanbury,DE,96510,1988-05-14,On Leave
1727,Kelly,Nguyen,kelly.nguyen@travis.biz,2018-11-19,DATA ANALYST,IT,45639.64,2001,90849 Jose Row,Codybury,SD,02154,1969-05-27,On Leave
1728,Tyler,Vega,tyler.vega@simmons.com,2017-03-27,Software Engineer,Sales,82555.76,2001,2100 Collier Summit,Donovanmouth,GA,25820,1985-12-13,On Leave
1729,Kenneth,Brown,kenneth.brown@sherman.com,2017-08-14,HR Specialist,HR,"$75,659.86",,0007 Meghan Fort Apt. 449,Smithview,MA,76994,1983-07-12,Active
1730,Jerome,Stone,jerome.stone@hernandez.com,2022-07-25,hr specialist,analytics,"$132,938.53",2001,370 James Overpass,East Jameshaven,OK,41874,1974-11-17,Active
1731,Angela,Garcia,angela.garcia@reeves.biz,2021-02-08,Project Manager,Marketing,137442.54,,7218 Sampson Rest Suite 305,Hannahport,VA,19177,1960-06-30,Active
1732,Roger,Martinez,roger.martinez@brown-fox.com,2025-10-12,software engineer,MARKETING,"$48,444.59",2002,0023 Cisneros Lane Suite 231,Moraleston,DC,60182,1983-02-07,Active
1733,Natalie,Douglas,natalie.douglas@martinez.biz,2017-07-07,Sales Representative,Marketing,90815.56,,7613 Nelson Harbor,Billyport,NY,00903,1966-09-30,Active
1734,Zachary,Franklin,ZACHARY.FRANKLIN@EVANS.ORG,2016-06-15,HR Specialist,Analytics,"$55,503.85",,39882 Clark Street,Davidville,MS,53135,1977-04-19,Active
1735,Michael,Smith,michael.smith@orr.org,2026-06-25,Sales Representative,HR,78911.99,2002,752 Brandon Stravenue Suite 723,Lake Michelle,VT,47268,1997-05-08,Active
1736,Hannah,Hall,hannah.hall@hurst-johnston.com,2021-11-26,HR Specialist,IT,"$125,549.02",2002,2352 Green Wall Apt. 036,South Lisashire,SC,07502,1962-10-10,Active
1737,Patrick,Phillips,patrick.phillips@orozco.biz,2016-10-01,Project Manager,Analytics,95153.88,,589 Mcguire Junction,Frenchtown,KY,53877,1994-07-02,On Leave
1738,Rachel,Cruz,rachel.cruz@bailey-baker.info,2023-06-07,sales representative,it,145536.46,,914 Sherry Forge,Patriciachester,VI,90198,2003-07-17,Inactive
1739,Amanda,Adams,amanda.adams@levy.com,2019-08-26,HR Specialist,Marketing,131316.64,2001,2638 Terrell Junction,Kaitlinbury,UT,94319,1989-07-18,On Leave
1740,Colin,Price,colin.price@harvey.net,2018-10-24,HR Specialist,HR,67084.61,2003,866 Shannon Mount Apt. 472,New James,SC,73392,2003-04-16,Inactive
1741,Paul,Galvan,paul.galvan@lee-francis.com,2025-08-23,Sales Representative,Sales,120875.41,2001,495 Alexander Ramp Suite 134,Williamsville,IL,88775,1978-06-10,Active
1742,Christina,Martin,christina.martin@booth.info,2017-07-15,Sales Representative,Marketing,78545.84,2002,3509 Kimberly Way Suite 876,Adamhaven,PW,49062,1962-01-05,On Leave
1743,Angela,Jenkins,angela.jenkins@grant.com,2017-07-11,hr specialist,IT,145426.46,2001,38552 Moore Corners,Alisonbury,MS,36532,1971-07-24,On Leave
1744,Amanda,Melton,amanda.melton@stewart.com,2025-10-11,Software Engineer,Sales,87671.92,,9842 Lauren Underpass,Lake Robertport,MA,02771,1988-11-27,On Leave
1745,Tiffany,Lewis,tiffany.lewis@company,2019-11-27,Software Engineer,IT,"$76,622.63",2003,8481 Catherine Place,East Pamelafort,NC,70515,1966-01-07,Inactive
1746,Wendy,Cooper,wendy.cooper@pierce.com,2024-08-07,Sales Representative,IT,89061.43,2001,7936 Hannah Skyway,Charlesberg,KY,83634,1995-12-28,Inactive
1747,Kevin,Wallace,kevin.wallace@martin.org,2026-10-11,Project Manager,HR,88850.77,2002,6135 Martinez Pine,Lake William,SC,81627,1966-11-30,Inactive
1748,Alyssa,Phelps,alyssa.phelps@harvey-martin.org,2019-11-17,Sales Representative,Sales,129878.68,2003,51644 Cortez Parkway Suite 858,South Kimberlyton,UT,53798,1972-12-18,On Leave
1749,John,Aguirre,JOHN.AGUIRRE@SMITH.NET,2018-09-17,PROJECT MANAGER,sales,"$109,275.01",2001,282 Robinson Isle,Lake Jaime,NC,39513,1971-01-15,Inactive
1750,Jesse,Preston,jesse.preston@roman.com,2020-08-08,HR SPECIALIST,hr,99574.28,2003,012 Murphy Expressway,Brettton,AR,33009,1972-01-04,On Leave
1751,Dennis,Roberson,dennis.roberson@gonzales-chavez.com,2022-08-27,Sales Representative,Sales,"$116,629.05",,428 Jeffery Flats,Carolberg,NM,87788,1983-05-26,Active
1752,Sarah,Johnson,sarah.johnson@kim.com,2021-09-21,Software Engineer,IT,105047.15,2003,494 Hall Circle Suite 692,South Kaitlynchester,NM,64708,1983-02-03,Active
1753,Steven,Marsh,steven.marsh@roberson.com,2023-12-26,HR Specialist,Sales,58089.41,2001,495 Flores Hollow Apt. 740,Danielstad,NH,58391,1995-05-06,Active
1754,Donna,Willis,donna.willis@frederick.com,2022-07-11,Data Analyst,HR,121312.16,2003,5548 Lawrence Burgs,Adamsstad,MT,75830,1968-10-03,Active
1755,Xavier,Smith,xavier.smith@rosales.com,2020-04-02,Software Engineer,IT,86396.08,,038 Orr Squares Suite 546,East Amyhaven,IA,42404,1961-06-14,Inactive
1756,Kevin,Boyd,kevin@.com,2018-06-10,Project Manager,Marketing,"$138,723.82",2003,35259 Hensley Plains Apt. 679,North Christopherberg,AZ,63641,2003-11-03,Inactive
1757,Pamela,Wilson,pamela.wilson@hardy.biz,2020-10-17,Software Engineer,Marketing,122440.94,2002,93005 Rhonda Curve,West Markland,PW,80745,1997-03-10,On Leave
1758,Brooke,Olson,brooke.olson@rose-diaz.com,2024-03-04,Sales Representative,Sales,63212.45,2001,263 Patterson Locks Suite 726,North Sharonview,SC,52161,1997-04-29,On Leave
1759,Leonard,Miller,,2016-10-23,Project Manager,Marketing,149854.08,,26826 Schwartz Run,West Mark,ID,03234,1972-04-16,Active
1760,Debra,Mccann,debra.mccann@hill.info,2023-12-17,Software Engineer,IT,"$87,713.03",2002,499 Lori Brook Apt. 015,Diamondtown,OK,99184,1984-04-12,Active
1761,Melanie,Flores,melanie.flores@graham.net,2023-03-02,Project Manager,Analytics,"$127,297.57",,87027 Rodriguez Station,Port Samanthabury,MH,57263,2001-10-07,Inactive
1762,Andrew,Fitzgerald,andrew.fitzgerald@hoffman.biz,2023-11-30,Data Analyst,Marketing,135170.01,,71457 Woodard Knolls Apt. 185,East Geraldland,HI,03698,1974-02-13,On Leave
1763,Tyler,Banks,tyler.banks@martin.com,2018-09-17,Data Analyst,Analytics,"$48,474.17",2002,00283 Cameron Crescent Suite 503,New Anthony,GA,81369,1980-10-30,Active
1764,Eric,Castillo,eric.castillo@jones-andrews.biz,2024-01-03,SOFTWARE ENGINEER,ANALYTICS,84666.47,2002,0861 Hernandez Light,West Adamborough,WV,71259,2000-07-18,Active
1765,Jason,Ortega,jason@late.com,2019-07-06,SALES REPRESENTATIVE,sales,92781.61,2001,519 Charles Shores,Evelynside,DC,19835,1999-08-31,Active
1766,Wendy,Gutierrez,,2016-05-16,Software Engineer,Marketing,117564.89,2002,003 Guerrero Mall,Simmonsland,MT,85049,1970-11-01,Inactive
1767,Allison,Li,allison.li@edwards-rodriguez.net,2023-11-05,project manager,MARKETING,"$70,226.83",2003,33017 Beth Hollow,Jacquelinemouth,KS,49565,1981-09-10,Inactive
1768,Courtney,Pacheco,courtney.pacheco@barrett.com,2019-01-30,Data Analyst,Sales,"$56,470.68",2001,096 Ballard Trace Suite 623,South Jared,OK,59674,1973-02-23,On Leave
1769,Donald,Barnes,donald@change.com,2024-11-15,Sales Representative,Sales,62019.54,2002,911 Brown Key Suite 672,Lake Eric,GA,21055,1969-02-26,Active
1770,Joshua,Beasley,JOSHUA.BEASLEY@KOCH.ORG,2023-05-14,data analyst,HR,128497.71,,6576 Gonzales Extension Suite 709,Samanthafort,PR,20316,1980-11-07,Inactive
1771,Dylan,Parker,dylan.parker@dorsey.net,2018-04-30,Project Manager,IT,"$46,090.53",2002,4360 Gonzalez Mountains,North Amanda,MA,87708,1990-09-11,On Leave
1772,Katherine,Lozano,katherine.lozano@berry.info,2020-11-19,HR Specialist,Analytics,"$132,953.95",2002,670 Erickson Lane Suite 033,Darrenborough,WI,34356,1973-03-22,Active
1773,Patrick,Dixon,,2021-04-01,Sales Representative,Sales,146489.81,,29294 Ashley Underpass,Castilloborough,NC,79216,1963-09-09,Inactive
1774,Tamara,Buchanan,tamara.buchanan@buchanan.com,2016-11-26,Software Engineer,Analytics,81543.72,2001,920 Jeffrey Meadow,Bridgesport,VT,14825,1981-04-06,Active
1775,James,Mason,james.mason@roberts.org,2019-03-21,HR Specialist,Sales,102791.81,2003,911 Clark Trafficway Apt. 548,Wolfeland,FM,35573,1995-04-09,Active
1776,Joshua,Morgan,joshua.morgan@johnson.biz,2019-05-16,software engineer,it,139805.25,,28067 Martinez Haven Apt. 796,Mooreberg,PA,82022,1973-08-03,Active
1777,Tracy,Gutierrez,tracy.gutierrez@turner.org,2019-12-16,sales representative,IT,46277.85,2003,997 Hawkins Ville,South Alexandershire,OR,22459,1985-12-15,Active
1778,Cory,Peterson,cory.peterson@torres.org,2023-09-10,HR Specialist,Sales,"$138,475.16",2002,82382 Gaines Burg,Washingtonfort,IL,21643,1962-03-23,Inactive
1779,Martha,Thomas,martha.thomas@mcdonald-reynolds.info,2022-08-14,DATA ANALYST,ANALYTICS,"$53,535.98",2001,1557 Richard Cliffs,Kelseybury,FL,58789,1961-04-19,On Leave
1780,Donna,Jones,donna.jones@bradford.com,2018-09-21,Project Manager,Sales,54246.65,,38457 Hernandez Turnpike,East Kevinside,ME,41730,1998-06-24,On Leave
1781,Cassandra,Kirk,cassandra.kirk@young-white.com,2017-01-10,Sales Representative,HR,78458.52,2001,5403 Mary Mill,Morenomouth,SC,22405,1985-12-30,Active
1782,Nicole,Olson,nicole.olson@love.com,2020-07-15,Sales Representative,IT,"$58,521.75",2002,76562 Wang Isle,Christinaburgh,IA,64181,1991-12-21,Active
1783,Glenn,Huffman,GLENN.HUFFMAN@WILLIAMS.COM,2026-02-07,project manager,ANALYTICS,84565.28,2001,2045 Wright Stream Apt. 542,East Brett,OR,91676,1973-06-01,Inactive
1784,Brittany,Haas,BRITTANY.HAAS@JACKSON.ORG,2019-03-13,Sales Representative,IT,140935.27,2002,0011 Ross Plaza,North Michaelview,TN,65275,1989-12-20,Inactive
1785,Danielle,Colon,danielle.colon@richards.com,2023-11-26,Data Analyst,Sales,137016.53,2002,877 Brandy Oval Suite 661,South Rickstad,WV,02028,1962-06-21,Inactive
1786,Christopher,Haynes,christopher.haynes@company,2018-07-13,sales representative,marketing,131877.79,2002,245 Edward Dam Suite 353,Davidsonton,GU,79717,1985-04-30,On Leave
1787,Rachel,Mack,rachel.mack@barber.com,2019-10-18,Data Analyst,Analytics,106688.19,,8682 Melissa Crest Suite 612,Hansonhaven,HI,89648,1965-10-20,Active
1788,Elizabeth,Alexander,elizabeth.alexander@@company.com,2026-10-12,Data Analyst,HR,101155.28,,2255 Jacqueline Spurs,Lake Scottton,NJ,66636,1974-09-28,Inactive
1789,Michael,Bates,michael.bates@jackson-garcia.com,2020-03-28,Sales Representative,Marketing,142820.58,2002,33646 Barbara Pine Apt. 982,Anitafurt,ND,39473,1990-02-01,On Leave
1790,David,Clark,david@.com,2017-11-20,Project Manager,IT,134703.21,2002,71574 Michael Meadow,Rivasmouth,IA,26669,1988-02-03,Active
1791,Randy,Bradshaw,RANDY.BRADSHAW@PARKER-MCGEE.INFO,2022-12-17,data analyst,ANALYTICS,137208.68,2003,408 Hartman Stravenue Apt. 749,Moralesburgh,CA,38035,1999-09-15,Active
1792,Rachael,Bryant,rachael.bryant@cantu.com,2022-05-10,Data Analyst,Analytics,100447.21,2001,329 Nicholas Cliff,North Hayley,IN,08388,1966-07-07,Inactive
1793,Traci,Pittman,traci.pittman@morris-orozco.info,2025-11-05,Project Manager,Analytics,"$147,284.36",2001,2538 Mary Lock Apt. 489,West Elizabeth,PR,59229,1995-10-07,Inactive
1794,Eric,Hernandez,eric.hernandez@lane.com,2025-05-07,HR SPECIALIST,IT,131861.06,2003,364 Mason Road Apt. 614,Cookfort,IA,90571,1974-05-24,Inactive
1795,Dave,Hunt,dave@.com,2020-05-24,Project Manager,HR,58577.97,2003,25807 Heath Radial Suite 899,South Brianview,FL,28013,1994-03-29,Active
1796,Alexander,Sanders,alexander.sanders@villanueva.com,2017-06-11,Software Engineer,HR,91552.42,2001,050 Cohen Rapid Apt. 298,North Robert,CA,86134,1965-03-16,Active
1797,Timothy,Hart,timothy.hart@francis.com,2024-11-27,project manager,ANALYTICS,98679.18,,867 Andrew Street Apt. 455,Nelsonbury,DE,74917,1963-06-27,On Leave
1798,Jessica,Powell,jessica.powell@robinson.com,2022-03-01,HR Specialist,Sales,71129.59,2003,211 Holly Track Apt. 742,Jerrychester,WY,02438,1976-03-10,On Leave
1799,Alicia,Stewart,ALICIA.STEWART@MOORE.COM,2023-12-06,Project Manager,Marketing,42955.72,2002,7110 Wong Plain,Lake Michaelborough,PR,74636,1992-04-26,On Leave
1800,James,Charles,james.charles@lucas.org,2017-04-27,HR SPECIALIST,HR,47448.85,2001,77181 Gillespie Hills Apt. 864,Reedborough,VT,18886,1989-10-06,On Leave
1801,Ashley,Mercado,ashley.mercado@wade.net,2021-06-08,project manager,analytics,143124.15,2001,968 Barnes Corner Suite 785,Lake Sally,SD,46520,1997-12-29,Inactive
1802,Kimberly,Schneider,kimberly.schneider@lyons.org,2021-03-28,data analyst,MARKETING,"$142,375.81",2002,94571 Guzman Spurs,Littlehaven,MS,39478,1986-02-26,Active
1803,Ryan,Taylor,RYAN.TAYLOR@REYES.COM,2018-02-13,Software Engineer,HR,80636.15,,8224 Smith Pines,Garciachester,IA,58311,1974-06-28,Active
1804,Willie,Yu,willie.yu@tucker.org,2022-08-15,software engineer,it,"$123,703.99",2001,767 Gregory Gardens,New Austinstad,IL,22128,1972-05-19,Active
1805,Christina,Mosley,christina.mosley@martinez.com,2023-01-25,Data Analyst,Analytics,94633.3,,590 Monica Keys Suite 605,Christinahaven,NC,02457,1965-12-10,Inactive
1806,Carla,Collins,carla.collins@miller-king.com,2019-01-27,Sales Representative,IT,"$112,464.22",2003,0021 Scott Street Suite 839,Murphymouth,DE,02122,2000-05-17,Inactive
1807,Kathryn,Sandoval,kathryn.sandoval@green.com,2024-09-02,Project Manager,HR,"$87,499.53",,0708 Christian Crest Suite 664,East Shannon,HI,54137,1976-08-04,Active
1808,Jacob,Henry,jacob.henry@company,2016-04-07,HR Specialist,Sales,80705.4,2002,1239 Jensen Port Suite 522,East Bradley,GA,08792,1998-09-19,Active
1809,Veronica,Miller,veronica.miller@perkins-smith.com,2018-05-09,HR Specialist,IT,65432.25,2001,640 Thomas Camp Suite 790,West Connor,PA,54201,1996-10-06,On Leave
1810,Jessica,Howard,jessica.howard@sampson.info,2021-06-19,HR Specialist,HR,137779.22,2001,508 Gail Wall,North Matthewchester,MA,87384,1974-04-11,Inactive
1811,Andrea,Webb,andrea.webb@perry.com,2017-01-26,Software Engineer,Marketing,126892.28,,0902 Jones Causeway Suite 005,South Amber,WY,26381,1975-04-24,Inactive
1812,Kenneth,Fuller,kenneth.fuller@gray.com,2025-12-05,Software Engineer,IT,58768.47,2003,82385 Gomez Gateway Suite 716,Port Benjamin,VA,64628,1965-08-17,Inactive
1813,Amber,Schneider,amber.schneider@morris-benson.com,2026-02-19,Project Manager,Sales,121496.53,,15230 Blake Meadows,South Thomasfurt,AS,02408,1988-01-23,Inactive
1814,Ashley,Gray,ashley.gray@company,2019-10-19,Project Manager,Marketing,"$92,476.25",,793 Kim Expressway,Maryberg,NJ,09221,1980-06-08,Inactive
1815,Stephen,Peters,stephen.peters@hawkins.com,2024-04-27,HR Specialist,Marketing,138107.01,2003,5375 Brian Path,New Tamara,KS,13585,1963-08-12,On Leave
1816,Judy,Stephens,JUDY.STEPHENS@JOHNSON-MITCHELL.COM,2023-10-09,PROJECT MANAGER,MARKETING,"$111,151.56",2001,8561 Estes Ferry Apt. 645,Lisatown,NV,00730,1980-10-23,On Leave
1817,Nicole,Allison,nicole@.com,2023-06-24,Data Analyst,Sales,144519.99,,273 Ewing Run,Lake Mark,NV,70533,1983-04-29,On Leave
1818,Daniel,Berry,DANIEL.BERRY@HAAS-LEE.BIZ,2024-10-13,Sales Representative,Marketing,74220.72,2001,44378 Margaret Row Suite 471,New Victorville,ND,14049,1967-09-05,Inactive
1819,Justin,Smith,justin.smith@johnson.com,2019-08-21,Data Analyst,HR,75290.58,2002,0927 David Mission,Port Samanthaland,SD,45097,1997-01-15,Inactive
1820,Megan,Peterson,megan.peterson@lam.net,2018-11-03,Sales Representative,Analytics,106027.91,2002,97301 Johnson Extension Apt. 073,Allentown,WI,85625,1972-06-07,Inactive
1821,Kevin,Jones,kevin.jones@long-mckee.com,2020-06-04,Project Manager,Analytics,102205.81,,471 Michelle Stream,West Peggyville,FM,96363,1970-12-04,Active
1822,Carolyn,Jackson,carolyn.jackson@aguirre.com,2017-09-10,HR Specialist,IT,90119.79,,0696 Amanda Common Apt. 618,Lindsaymouth,MO,45899,1996-01-12,Inactive
1823,Christopher,Peterson,christopher.peterson@knight-reeves.com,2026-12-08,Software Engineer,Sales,"$87,293.73",2003,4097 Alexander Station Suite 123,North Christinaport,RI,86934,1970-12-30,Inactive
1824,Jeffrey,Williams,jeffrey.williams@neal-jones.info,2018-10-13,Project Manager,IT,56776.16,2001,07917 Heather Island Suite 245,Ricardoburgh,WI,05389,1974-07-01,Inactive
1825,Cheryl,Mcintosh,cheryl.mcintosh@jackson.com,2023-01-02,Sales Representative,Marketing,84352.35,2001,33797 Adam Ford,Brianville,DE,49484,1988-11-28,Inactive
1826,Gabriel,Weber,gabriel@.com,2021-03-29,HR Specialist,IT,"$56,728.40",2002,67267 Wright Roads,Lake Stephen,DE,15942,1977-07-03,Active
1827,Lauren,Garcia,lauren.garcia@archer.org,2025-06-03,Data Analyst,Marketing,78551.41,2002,5343 Figueroa Square Suite 854,Travisberg,IN,06218,1967-01-23,Inactive
1828,Laura,Kirby,laura.kirby@patton-king.com,2017-05-21,Project Manager,Analytics,"$46,190.36",2002,568 Alvarez Roads,South Matthew,FM,80322,1972-02-17,Active
1829,Jennifer,Pace,jennifer.pace@hawkins.net,2024-05-18,sales representative,SALES,58474.42,2001,307 Ashley Meadows Apt. 443,West Vickieshire,MI,76372,1982-10-21,Active
1830,Joseph,Gonzalez,joseph.gonzalez@grant.com,2026-05-20,SALES REPRESENTATIVE,MARKETING,125744.01,2001,379 David Hill Apt. 677,South Brian,NJ,88272,1981-08-15,Inactive
1831,Sheila,Miller,sheila.miller@mendoza-crawford.com,2016-09-04,Software Engineer,Sales,61321.49,,1228 Bartlett Manor Apt. 878,East Garyfort,IA,69692,1983-06-28,Inactive
1832,Kristin,Jenkins,kristin.jenkins@schultz.net,2019-05-10,Project Manager,Marketing,89519.04,2002,349 James Mountain,East David,CA,33302,1980-03-04,Inactive
1833,Jeffery,Gibbs,jeffery.gibbs@company,2020-03-02,Data Analyst,Sales,"$137,614.05",2002,8243 Stephanie Branch Apt. 661,New Grace,UT,02465,1996-02-06,Active
1834,Wanda,Bell,wanda.bell@benton.net,2024-03-26,Project Manager,HR,"$56,116.93",2001,98950 Mcclain Prairie,North Adam,AL,55610,1973-06-12,Inactive
1835,Elizabeth,Barrera,elizabeth.barrera@vaughan.com,2025-05-01,Project Manager,Sales,51233.62,2002,62399 Brenda Gateway,Port Juliaton,ME,44547,1961-04-22,Active
1836,Debra,Russell,debra.russell@mullins.com,2025-10-10,Data Analyst,Sales,55912.61,2003,863 Stephanie Lodge,Port Keithland,SD,29763,1975-12-02,Inactive
1837,Thomas,Garcia,thomas.garcia@simpson-dawson.com,2021-05-30,Project Manager,IT,77449.84,2003,8759 Charles Cliffs Apt. 063,East Jennifer,NE,20198,1992-07-01,On Leave
1838,Christopher,Rowland,christopher.rowland@sampson.info,2019-03-08,Data Analyst,HR,125160.4,2003,38054 Matthew Dale Apt. 603,Danielleland,MO,10278,2000-06-22,Active
1839,Timothy,Edwards,timothy.edwards@marquez-perry.com,2022-05-01,Software Engineer,HR,102985.43,2002,55402 Rachel Ranch Suite 084,Chenton,WV,78628,1960-12-06,On Leave
1840,Valerie,Martin,valerie.martin@olson-phillips.com,2024-04-29,PROJECT MANAGER,marketing,45769.71,2001,387 Melissa Summit,Shawnfort,TX,50701,1990-03-27,On Leave
1841,Paul,Reed,PAUL.REED@RHODES.ORG,2022-01-03,Sales Representative,Marketing,109599.22,,392 Suzanne Locks Suite 076,Port Shannon,PR,06749,1977-11-14,Active
1842,Jacob,Rojas,jacob.rojas@mckay.com,2016-12-14,Software Engineer,Marketing,"$147,246.42",2003,2784 Murray Stream,Jonathanton,DC,09045,1980-12-12,On Leave
1843,Caitlin,Townsend,caitlin.townsend@williamson.com,2023-05-20,Sales Representative,Analytics,100451.0,2002,8012 Guerrero Court,Richardberg,SD,94555,1967-06-07,Active
1844,Ashley,Macias,ashley.macias@johnson.com,2024-03-18,Data Analyst,Analytics,"$135,052.99",,364 Lauren Road,Claychester,MH,79426,1975-04-04,Inactive
1845,Laura,Fleming,laura.fleming@harris.com,2019-02-20,project manager,MARKETING,"$121,852.49",,513 Thomas Flat Apt. 506,Lake Ryanborough,TN,72002,1980-05-26,Active
1846,Amanda,Stanley,amanda.stanley@campbell.org,2023-01-17,Software Engineer,IT,135073.95,,49157 Michael Lodge,Alicechester,VT,32773,1970-09-19,On Leave
1847,David,Rogers,DAVID.ROGERS@HARRISON.ORG,2025-01-15,Project Manager,Analytics,131901.64,2001,3639 Kerry Port Apt. 360,West Alexander,KS,28409,1964-04-27,On Leave
1848,Luke,Brown,luke.brown@ellis.info,2021-07-14,Software Engineer,Marketing,44848.9,,38647 Jim Estates Apt. 831,Baileyhaven,FL,88719,1979-10-19,Active
1849,Allison,Bush,allison.bush@simon.biz,2022-03-16,sales representative,hr,47040.39,2001,325 Caldwell Stream Suite 415,South Tammyburgh,AL,61400,1962-07-12,Inactive
1850,Samantha,Wilson,samantha.wilson@henry.net,2020-07-30,Sales Representative,HR,"$58,141.48",2003,109 Lori Road,Greeneport,MI,86888,1984-02-11,On Leave
1851,Haley,Macias,haley@policy.com,2021-07-13,Project Manager,Marketing,96553.19,,1067 Wagner Mission,Port Scottside,OH,06094,1984-06-18,On Leave
1852,Catherine,Roberts,catherine.roberts@wheeler.com,2017-10-29,Project Manager,Sales,91083.1,,81888 Hayes Street,Parkermouth,MI,07183,2001-05-03,On Leave
1853,Kyle,Anderson,kyle.anderson@medina.com,2021-07-15,HR Specialist,Marketing,134439.24,2002,6061 Lee Vista,Richardbury,GA,71595,1977-05-02,Inactive
1854,Kristen,Taylor,KRISTEN.TAYLOR@JAMES.INFO,2024-09-04,Project Manager,HR,70099.22,2003,25537 Riley Coves Suite 243,West Danielview,LA,08926,1968-05-29,On Leave
1855,Rodney,Jensen,rodney.jensen@smith.info,2026-06-30,software engineer,sales,"$72,766.74",2003,17865 Cuevas Terrace Apt. 738,Lake Christopherport,NC,45499,1968-08-06,Active
1856,Jocelyn,Pugh,jocelyn.pugh@whitaker-brady.com,2026-05-28,Data Analyst,Analytics,110766.08,2003,330 Dorothy Spurs,Kyleburgh,PR,21849,1972-04-24,Active
1857,Jill,Jenkins,jill.jenkins@atkins.com,2021-07-08,Data Analyst,Marketing,110883.26,,8618 Nancy Keys,East Joel,RI,36482,1979-04-29,Inactive
1858,Samantha,Martin,samantha.martin@boyer-ortiz.com,2019-07-21,Project Manager,Sales,55165.36,2001,8551 Johnson Vista Suite 905,West Jessica,WA,55911,1998-05-21,On Leave
1859,Theodore,Mckay,theodore.mckay@company,2024-11-06,Data Analyst,Analytics,86776.17,2001,7417 Kristie Overpass,Davisstad,OK,91791,1993-02-25,On Leave
1860,Laura,Russell,laura.russell@fields-steele.com,2018-04-01,Project Manager,Sales,58579.31,2002,5417 Myers Corner,Portertown,NC,86181,1970-10-17,Inactive
1861,Anna,Brown,anna.brown@martinez.com,2025-03-10,HR Specialist,HR,"$97,138.73",2003,56286 Woods Lights Suite 862,Megantown,NM,23029,1967-03-24,On Leave
1862,Ashley,White,ashley.white@kelley.com,2017-12-19,Data Analyst,HR,"$97,713.32",,8230 John Walks,East Randallbury,AL,17226,1972-03-17,Inactive
1863,William,Oliver,william.oliver@bradshaw.org,2024-03-28,Data Analyst,HR,"$55,952.17",2002,06160 Jeffery Tunnel,Peterview,NH,70828,1966-08-27,On Leave
1864,Colton,Scott,colton@store.com,2027-03-18,Data Analyst,Sales,"$83,651.96",2003,4322 Hoffman Extensions Suite 841,Ramirezton,MS,23732,1966-05-03,On Leave
1865,Eric,Smith,eric.smith@mcclure-taylor.com,2027-03-26,HR Specialist,Analytics,72042.98,2003,552 Stefanie Underpass Suite 432,Brittneymouth,MS,43803,1973-10-03,On Leave
1866,Whitney,Johnston,whitney.johnston@hernandez.com,2017-04-11,Project Manager,HR,"$114,967.91",,08307 Smith Row Apt. 183,Jacksonborough,CO,22628,1965-05-01,On Leave
1867,Cynthia,Ross,cynthia.ross@burton.com,2023-04-17,HR Specialist,Marketing,"$64,067.56",,39526 William Trail Apt. 403,Brittneytown,WA,58478,1962-12-27,Active
1868,Lauren,Taylor,lauren.taylor@hill.net,2022-08-15,Project Manager,Analytics,"$49,130.06",,61096 Burton Groves Suite 698,West Jonathon,MT,99577,1986-03-07,On Leave
1869,John,Carter,john.carter@mccoy.com,2024-03-23,Data Analyst,Marketing,64609.18,2001,405 Keith Tunnel Apt. 600,Lake Williammouth,WA,13307,1985-05-19,Active
1870,Pamela,Johnson,pamela.johnson@scott.com,2025-10-29,Software Engineer,Sales,133102.65,,222 Stewart Motorway,Lake Markside,CA,90489,1989-06-13,Inactive
1871,Emily,Strong,emily.strong@mullen.com,2018-02-23,Software Engineer,IT,99571.15,2003,04285 Todd Walk,Brandonmouth,ME,63066,1990-02-04,On Leave
1872,Vicki,White,vicki@.com,2024-03-07,HR SPECIALIST,sales,112364.89,,257 Shaw Crescent,South Josephview,NE,02568,2001-07-17,On Leave
1873,Jon,Perry,jon.perry@king-turner.info,2022-10-29,Data Analyst,IT,142634.6,2002,964 Mills Stream,North Diana,CO,97635,1982-05-04,On Leave
1874,Carla,Howard,carla.howard@moran.info,2017-10-17,HR Specialist,IT,133090.59,2001,633 Phillip Centers Suite 207,Sydneychester,NY,92044,1986-03-12,Active
1875,Kenneth,Freeman,kenneth.freeman@schaefer-sanders.com,2023-03-08,SOFTWARE ENGINEER,MARKETING,140902.98,2002,010 Ruiz Land Suite 254,South Patriciamouth,WA,11163,1979-06-05,Active
1876,John,Gregory,john.gregory@walton-finley.com,2026-03-08,Project Manager,IT,"$75,015.04",2003,3576 Estrada Passage,West Nicolemouth,OR,78660,1988-10-27,Active
1877,Nicole,Navarro,nicole.navarro@roberts.com,2020-05-10,HR Specialist,Sales,"$42,030.43",2001,2201 Frank Brook Apt. 366,New Cassandra,MH,56004,1971-03-22,On Leave
1878,Jodi,Rose,jodi.rose@@company.com,2026-07-25,Software Engineer,Sales,131190.58,,4359 Michelle Knolls,Richardsfurt,MT,37676,1986-05-16,Active
1879,Michael,Hill,michael.hill@thompson.org,2019-02-25,Software Engineer,Sales,"$83,140.60",2003,557 Melendez Stream,Lancefurt,DC,96732,1982-01-24,On Leave
1880,Phillip,Green,phillip.green@mitchell-murray.com,2023-06-02,Project Manager,Marketing,44572.24,2002,71518 Ana Plaza,Jameston,AL,27079,1969-07-25,On Leave
1881,Elizabeth,Phillips,ELIZABETH.PHILLIPS@ROSARIO.NET,2016-06-08,Project Manager,Marketing,123787.52,2002,40785 George Vista,East Christine,SC,08037,1981-06-06,Active
1882,Joseph,Smith,joseph@.com,2025-03-04,Data Analyst,Marketing,111048.45,2001,32845 Carlos Meadows,North Austintown,IL,12621,1987-07-20,Inactive
1883,Morgan,Norton,morgan@rock.com,2022-02-25,hr specialist,IT,48251.32,2002,62524 Phillips Square,New Saraton,PR,96298,1965-02-13,Active
1884,Adam,Griffin,adam.griffin@smith.com,2022-10-25,HR Specialist,Marketing,"$118,132.53",,994 William Station,North Linda,WY,42732,1989-12-03,Active
1885,Todd,Hayes,todd.hayes@garcia-estrada.org,2021-05-16,Data Analyst,Analytics,"$134,966.06",,607 Owens Knoll,Glasston,VA,11397,1960-12-17,On Leave
1886,Curtis,Smith,curtis.smith@jackson.com,2021-05-08,HR Specialist,IT,149401.06,2001,5104 Tim Wall Suite 150,North John,PW,34658,2001-05-24,Active
1887,Tammy,Murray,tammy.murray@goodwin.com,2019-12-18,HR Specialist,IT,"$59,995.75",2003,85313 Phillip Stravenue Suite 441,South Williamville,AZ,86683,2001-01-04,Inactive
1888,Alicia,Mahoney,alicia.mahoney@miles-frank.info,2025-05-11,HR SPECIALIST,sales,122057.48,2002,37777 Lara Key Apt. 066,North Joanne,MA,83092,1972-02-16,On Leave
1889,Jessica,Weber,jessica.weber@mitchell.net,2024-10-20,Sales Representative,IT,83630.62,2002,7767 Sanchez Walks,West Anthony,CA,36656,1964-02-25,Active
1890,Rhonda,Booker,rhonda.booker@lee-wood.com,2017-12-02,sales representative,SALES,140184.07,,475 Brooke Ranch,Port Jenniferborough,NC,29143,1970-10-07,On Leave
1891,Michael,Moses,michael.moses@hamilton-villa.com,2023-02-25,HR Specialist,Marketing,124382.02,2003,64594 Carolyn Key,Port Frederickton,NJ,29759,2002-04-03,Inactive
1892,Erik,Schmidt,erik.schmidt@scott-howell.com,2021-08-02,Sales Representative,Sales,100180.95,2003,1942 Victoria Highway,West Jenniferchester,WV,19247,1966-11-08,Active
1893,Shaun,Stokes,shaun.stokes@clarke.biz,2018-11-05,Sales Representative,Marketing,"$139,920.56",2002,7836 Diaz Street Suite 832,New Ericaville,TX,46576,1998-01-30,On Leave
1894,Eileen,Duffy,eileen.duffy@thompson.biz,2024-01-08,HR Specialist,IT,"$141,298.91",2002,8638 Jenkins Light Apt. 790,East Gregoryville,KS,89589,1984-02-04,Active
1895,Brittney,Dunlap,brittney.dunlap@wilson.com,2020-09-08,Data Analyst,Analytics,122495.8,,43742 Robert Courts Suite 957,Kellytown,WY,83741,1980-05-11,On Leave
1896,James,Molina,james.molina@barrett-alvarez.com,2016-06-09,HR Specialist,IT,111897.92,2002,907 Brooks Fort Apt. 028,Curtisshire,CO,12251,1999-01-09,On Leave
1897,Ann,Ferrell,ann@.com,2025-12-22,Data Analyst,IT,108983.66,2003,2373 Pamela Turnpike,West Kimberly,WA,77389,1979-12-04,On Leave
1898,Chloe,Short,chloe.short@edwards.com,2017-05-01,Data Analyst,HR,"$60,945.31",2003,2018 Hansen Landing Suite 854,West Lauren,OR,36649,1987-12-31,On Leave
1899,Joseph,Jacobson,joseph@control.com,2021-10-05,data analyst,HR,"$121,768.59",2001,0998 Lewis Skyway Suite 621,West Kimberly,MD,36451,1995-03-09,Active
1900,Maureen,Brown,maureen.brown@daniels.biz,2020-08-10,Project Manager,Sales,51428.64,,83552 Horton Ramp,Villanuevafurt,MI,02663,1986-08-05,On Leave
1901,Christopher,Williams,christopher.williams@company,2020-10-26,HR Specialist,Analytics,113502.62,,288 Kenneth Trafficway Suite 850,New Shawn,GU,20773,1979-10-05,On Leave
1902,Joel,Smith,joel.smith@benson.com,2024-12-30,Software Engineer,HR,128858.46,2001,1826 Melissa Hollow Suite 162,Elizabethmouth,FL,13402,1965-03-11,Active
1903,Olivia,Santiago,olivia.santiago@duran.com,2017-03-18,Sales Representative,HR,80412.8,2002,6637 Jennifer Vista,West Cindy,SC,12380,1960-06-21,Inactive
1904,Matthew,Wright,MATTHEW.WRIGHT@ANDREWS.ORG,2024-08-07,Software Engineer,IT,43383.24,2001,72340 Stevens Freeway Apt. 419,Port Coltonbury,AK,05319,1976-02-08,On Leave
1905,Stephanie,Graham,stephanie.graham@grant.org,2020-09-26,SOFTWARE ENGINEER,sales,52559.06,2002,36253 Mcfarland Squares,Lewisburgh,DC,79828,1991-11-18,Inactive
1906,Carolyn,Lopez,carolyn.lopez@taylor-mccoy.org,2019-09-23,Project Manager,Sales,103619.85,2003,3933 Robert Lights Apt. 255,Port Patrick,DE,34976,2002-06-11,Active
1907,Brian,Hunt,BRIAN.HUNT@BOWERS.BIZ,2024-07-13,HR Specialist,IT,106380.03,2003,445 Hicks Expressway,North Teresaburgh,MS,65650,1963-06-12,On Leave
1908,Ashley,Martin,ashley.martin@evans.info,2020-08-31,Software Engineer,Sales,121783.31,2003,42154 Berry Grove Suite 834,Hernandezton,WI,83575,2000-01-10,On Leave
1909,Wanda,Yoder,wanda.yoder@mccall-brown.com,2018-10-03,HR Specialist,Marketing,130183.17,2002,140 Sydney Rest,Lake Alexander,VI,21581,2000-05-13,Active
1910,Tracy,Schwartz,tracy.schwartz@garcia-edwards.com,2024-08-11,HR SPECIALIST,it,"$49,021.77",2003,82328 Calderon Squares Apt. 325,East Jamesville,AR,14168,1998-04-27,On Leave
1911,Sarah,Campos,sarah.campos@green-hanson.com,2022-10-30,Project Manager,Analytics,99629.57,,505 Myers Trafficway Suite 234,Carolmouth,AR,32109,1988-09-23,Inactive
1912,Tracey,Frost,tracey.frost@walker.com,2017-04-12,Sales Representative,Sales,136175.8,2003,279 Daniel Inlet Suite 184,Lake Michaelburgh,DC,87340,1962-03-11,On Leave
1913,Cynthia,Ortega,cynthia.ortega@young.com,2024-01-30,Sales Representative,Marketing,"$117,859.42",2001,326 Mcbride Junctions,Martinchester,OR,94050,1993-07-27,On Leave
1914,Robert,Jones,robert.jones@campbell-schneider.com,2017-06-13,HR Specialist,Sales,125515.88,,063 Karen Unions Suite 950,Sherriberg,DE,06731,1969-04-27,Active
1915,David,Mann,david.mann@schneider.com,2022-04-08,Software Engineer,Marketing,68193.51,2003,703 Gabrielle Burgs,Lake Deanside,IL,39008,1996-11-17,Active
1916,Kevin,Mills,kevin.mills@singh.com,2020-03-12,hr specialist,MARKETING,"$130,976.92",2001,1528 Bauer Curve,Reedbury,WI,07789,1966-04-14,Active
1917,Harry,Cisneros,harry.cisneros@frederick.org,2016-12-22,Data Analyst,Sales,80633.77,,3324 Steele Meadow,Jamesstad,AR,26636,2002-02-08,Active
1918,Marcia,Miller,marcia.miller@dixon.com,2022-12-03,Software Engineer,Sales,"$86,384.23",2003,05836 Perez Heights,Matthewside,KY,49191,1965-09-19,Inactive
1919,Laurie,Walker,laurie.walker@company,2020-08-13,Software Engineer,IT,93277.49,,6540 Cameron Park Apt. 819,Wrightmouth,ND,27010,1982-09-16,Active
1920,Alejandro,Walker,alejandro.walker@perry.com,2019-12-25,DATA ANALYST,IT,110256.8,2003,58012 King Crossing Suite 406,Marilynbury,NE,93177,1966-07-10,On Leave
1921,Jonathan,Brooks,jonathan.brooks@carter-jacobs.info,2025-03-12,Sales Representative,Sales,"$107,229.66",2002,5492 Johnson Glen,Friedmanland,NJ,96398,1979-07-01,Active
1922,Rodney,Cox,rodney.cox@anderson.biz,2025-06-02,HR Specialist,IT,56294.52,2001,3645 Danny Estates,Grahamfort,IA,69900,1977-09-25,On Leave
1923,Melissa,Acosta,melissa.acosta@donaldson.biz,2016-07-18,Data Analyst,Analytics,80431.16,,187 Waters Locks Apt. 876,North Bruce,SC,23138,1986-04-02,On Leave
1924,Maurice,Cole,maurice.cole@oliver-rush.com,2020-02-02,Project Manager,IT,74226.48,2002,682 Julie Via Suite 729,Robertstad,DC,30051,1986-05-28,Active
1925,Stacey,Ferguson,stacey.ferguson@jackson.com,2016-04-19,HR SPECIALIST,analytics,104632.31,2003,818 Logan Isle Suite 101,New Angela,MI,59665,2004-02-05,Active
1926,Isabella,Bradley,isabella.bradley@montoya-ellison.com,2022-05-07,Project Manager,Sales,98664.7,2002,8261 Palmer Rapid,Janicetown,NH,18484,1999-07-11,Inactive
1927,Deborah,Olson,deborah.olson@thomas-reid.com,2019-12-22,Sales Representative,Sales,"$146,400.39",2002,4088 Henry Garden Suite 004,Jeremyland,GA,60216,1987-04-20,On Leave
1928,Sarah,Williamson,sarah.williamson@rowe.com,2021-01-14,Data Analyst,Marketing,"$41,411.26",2001,20318 Cassandra Creek Suite 994,South Adrienneview,NE,98304,1975-09-25,Active
1929,Karina,Ramos,karina.ramos@rodriguez.com,2019-04-28,Project Manager,Sales,78505.21,2003,43040 Larson Vista Apt. 668,South Gregoryland,FM,86860,1977-01-29,Active
1930,Kimberly,Kelly,kimberly.kelly@richardson.biz,2026-11-11,Sales Representative,HR,103364.22,,8680 Haney Fall,New Jennifer,IN,58854,1971-07-20,On Leave
1931,Gregory,Dalton,gregory.dalton@mcgee-wood.com,2023-09-21,PROJECT MANAGER,IT,47548.51,,6173 Wendy Heights Apt. 898,Carlosburgh,FL,05942,1962-06-16,Active
1932,Amy,Morris,amy.morris@smith.info,2024-09-07,HR Specialist,Marketing,"$137,185.40",,33982 Murphy Rapids Apt. 727,East Suzanneshire,WY,36245,1997-12-13,On Leave
1933,Susan,Ortiz,susan.ortiz@payne-matthews.info,2017-06-07,Project Manager,IT,113560.22,2002,021 Perez Union Suite 295,North Joy,VI,10107,1988-08-21,Inactive
1934,Kristin,Anderson,kristin.anderson@mitchell.biz,2025-05-23,Sales Representative,Marketing,52272.9,2001,6324 Price Shore Suite 988,South James,CO,59524,1986-12-21,Inactive
1935,Rodney,King,rodney.king@butler.com,2019-09-05,SALES REPRESENTATIVE,marketing,92366.08,2002,18533 Gonzalez Fork,Waltermouth,PA,50521,1971-05-04,On Leave
1936,Carl,Sanchez,CARL.SANCHEZ@BOWEN.COM,2021-07-11,Sales Representative,HR,75835.93,,9080 Patrick Turnpike Suite 634,Lake Kimberly,GA,94380,1989-06-02,Active
1937,Denise,Arnold,denise.arnold@henry-craig.org,2017-07-01,Data Analyst,IT,63971.71,2002,590 Rice Plains Suite 332,Matthewport,VT,65829,1980-10-31,On Leave
1938,Robert,Jenkins,robert.jenkins@hatfield-jimenez.biz,2019-06-27,HR Specialist,Marketing,148722.23,,1762 Mendoza Ridge,Cooperland,PR,23633,1966-07-22,Inactive
1939,Oscar,Cruz,oscar.cruz@nguyen-hamilton.com,2018-01-15,Sales Representative,HR,102668.64,,8471 Shannon Junction Apt. 035,West Tiffanyport,PA,89949,1977-11-03,Active
1940,Antonio,Riley,antonio.riley@jackson-dean.biz,2020-02-10,project manager,ANALYTICS,"$102,872.50",2001,77415 Mejia Meadow Suite 111,Lake Davidland,RI,32288,1995-02-04,On Leave
1941,Steven,Williams,steven.williams@williams-austin.com,2024-10-13,Data Analyst,IT,69467.63,2001,6120 Robinson Plaza Suite 717,Port Juan,NE,67180,1980-03-27,Inactive
1942,Matthew,Steele,matthew.steele@andrews-moody.com,2019-04-20,HR Specialist,Marketing,70798.05,2001,3781 Christian Oval Apt. 279,Jerryland,TN,19972,1994-05-06,On Leave
1943,Michelle,Deleon,michelle.deleon@ford.com,2020-06-19,Project Manager,IT,47069.54,,0637 Velez Ville Apt. 142,Maureenmouth,GA,90656,1972-08-24,Active
1944,Heidi,Black,heidi.black@terrell.com,2026-03-16,PROJECT MANAGER,HR,127366.49,2001,5552 Matthew Plaza,Port Donnamouth,LA,10087,2002-10-05,Active
1945,Kristin,Burns,kristin@miss.com,2019-05-12,Project Manager,HR,120624.96,2003,9992 Leon Plaza Apt. 577,Crystalchester,NH,48606,1961-12-17,Inactive
1946,Michael,Baker,michael.baker@torres.com,2020-11-22,Data Analyst,IT,"$101,657.89",2002,919 Armstrong Camp Suite 839,Alexandertown,FL,13391,1984-11-08,Inactive
1947,Jose,Mcdaniel,jose.mcdaniel@young.com,2020-11-07,HR Specialist,IT,"$114,416.88",2003,4845 Hatfield Alley Apt. 810,South Pamelaland,ND,04845,1968-04-28,On Leave
1948,Anthony,Robinson,anthony.robinson@campbell.info,2026-04-28,Project Manager,Marketing,43823.38,,1994 Jeffrey Mountains Apt. 701,Jimenezberg,NM,44660,1985-04-17,On Leave
1949,Alex,Finley,alex.finley@lopez.com,2021-11-07,PROJECT MANAGER,sales,"$114,752.92",2003,96560 Tina Ridge Apt. 969,Port Gregoryland,NJ,96516,1962-04-22,On Leave
1950,Mark,Flores,mark.flores@silva.net,2017-06-01,DATA ANALYST,IT,116174.66,,4828 Kimberly Canyon,Benjaminton,WY,14838,1994-12-02,On Leave
1951,Jacqueline,White,jacqueline.white@davis-cisneros.net,2023-01-26,Project Manager,HR,114073.26,2001,80374 Shannon Oval,East Johnbury,UT,55540,2001-09-13,On Leave
1952,Amy,Miranda,amy.miranda@bowman.com,2024-04-26,PROJECT MANAGER,hr,109604.43,2002,0776 Marquez Light,South Stephanie,AR,93245,1977-10-19,Inactive
1953,Paul,Krause,paul.krause@fuller-lynch.info,2018-12-06,SALES REPRESENTATIVE,SALES,"$59,375.50",2003,04085 Corey Oval Suite 140,Maryfort,NV,19830,1999-04-16,On Leave
1954,James,Avila,james.avila@brewer-adams.com,2018-01-26,HR Specialist,Marketing,"$106,922.51",,5587 Odonnell Place,Piercehaven,KS,30958,1994-05-16,On Leave
1955,Aimee,Oliver,aimee.oliver@galvan-holmes.biz,2018-08-02,Sales Representative,HR,134256.68,2001,8769 James Drive Apt. 640,Port Michael,VA,79426,1980-10-25,Inactive
1956,Joshua,White,joshua.white@morales.com,2018-12-11,SALES REPRESENTATIVE,sales,97006.99,2002,6178 David Well,Mccartyborough,MO,89472,1966-09-07,On Leave
1957,Cynthia,Riley,cynthia.riley@wilson.info,2017-01-23,Data Analyst,HR,"$113,663.31",2002,2911 Williams Court Suite 990,Mitchellside,PW,60559,1972-08-28,On Leave
1958,Natasha,Barry,natasha.barry@spencer.biz,2022-01-01,Software Engineer,IT,57010.12,2001,09340 Woodward Orchard,Smithfort,GA,05176,1998-09-11,Inactive
1959,Helen,Lewis,helen.lewis@sawyer.org,2021-12-03,Sales Representative,Sales,"$106,743.25",2002,0583 Duffy Street,Kristafort,OR,75593,1981-06-07,Inactive
1960,Shawn,Bryant,shawn.bryant@cook.com,2017-05-11,Data Analyst,Sales,"$131,416.93",2003,41956 Cabrera Vista Suite 045,Port Denisehaven,ME,42424,1973-11-24,On Leave
1961,Christopher,Anderson,christopher.anderson@williams.com,2017-12-01,Software Engineer,IT,"$76,449.36",,54998 Ana Mews Apt. 005,Lake Eric,SC,02538,1989-06-24,On Leave
1962,Doris,Bennett,DORIS.BENNETT@ARIAS.COM,2024-07-10,software engineer,SALES,103285.27,2002,3577 Haley Union Apt. 914,Riosmouth,MS,82944,2000-10-05,Active
1963,Regina,Davidson,regina.davidson@maynard.net,2017-10-30,Project Manager,Sales,42853.77,2002,15559 Jones Keys,West Danielton,TX,45191,1995-11-19,Inactive
1964,David,Hammond,david.hammond@lambert.com,2026-07-13,HR Specialist,HR,147777.67,2001,264 Brandy Mission,South Terrencetown,SD,22238,1973-11-14,Active
1965,James,Richards,james.richards@taylor.com,2024-07-29,Software Engineer,Sales,"$121,794.99",2002,263 Scott Groves Apt. 946,Robertoview,UT,13763,1966-08-08,Active
1966,Scott,Munoz,SCOTT.MUNOZ@LUCAS.COM,2016-08-31,Project Manager,Sales,90529.46,2003,724 Murphy Gateway Apt. 760,Patriciafort,TN,60437,1976-06-29,On Leave
1967,Jenny,Collins,jenny.collins@obrien.com,2018-01-10,Software Engineer,IT,"$86,997.22",,963 Daryl Stravenue Suite 712,West Meghanstad,NV,23608,1998-12-03,On Leave
1968,Marilyn,Cook,,2019-07-13,Software Engineer,Sales,51350.88,,9806 Stephanie Common Apt. 188,Corymouth,VT,54030,1982-01-12,Inactive
1969,Antonio,Hopkins,antonio@.com,2020-09-04,Software Engineer,HR,41846.03,2002,7222 Natalie Creek,North Nathan,NM,43009,1996-12-29,Inactive
1970,Richard,Pratt,richard.pratt@brown.com,2020-03-18,Sales Representative,Analytics,"$140,216.90",2003,526 Mcgrath Fall Apt. 990,South Veronicaside,NY,88330,1967-03-28,Inactive
1971,Matthew,Watts,matthew.watts@@company.com,2020-09-12,HR Specialist,HR,"$65,905.36",,57100 Michael Mill,Markchester,OR,51682,1999-02-28,Inactive
1972,Brett,Choi,brett@institution.com,2023-08-31,sales representative,SALES,137990.82,2001,6244 Wayne Fall,Sarahstad,HI,27212,1987-10-22,Active
1973,Kimberly,Martinez,kimberly.martinez@@company.com,2025-02-04,Sales Representative,HR,148658.73,,997 Steven Roads Suite 933,Mendezmouth,IA,05321,2002-12-28,On Leave
1974,Christopher,Jones,christopher.jones@company,2025-10-14,Project Manager,Marketing,"$71,051.37",2001,17499 Durham Knolls,Jacobsonfurt,VT,21387,1975-09-19,On Leave
1975,Joy,York,,2026-01-25,SOFTWARE ENGINEER,analytics,110531.19,,22900 Amanda Causeway Suite 131,Singhtown,ND,04784,1970-09-12,Inactive
1976,John,Williams,john.williams@lawrence-jones.com,2019-03-03,Software Engineer,Sales,87064.72,2002,04338 John Field,Millerchester,ID,95673,1992-03-02,Inactive
1977,Kimberly,Pollard,kimberly@first.com,2020-01-31,PROJECT MANAGER,analytics,107356.99,2002,4816 Allen Island,New Ashleystad,UT,16718,1971-12-13,On Leave
1978,Christopher,Lee,christopher.lee@gilmore.com,2016-12-24,Software Engineer,IT,42998.33,2002,5483 Clarke Loaf Suite 977,South Davidmouth,KS,91834,2001-03-20,On Leave
1979,Margaret,Davis,margaret.davis@morgan-cain.com,2016-05-25,Software Engineer,Analytics,146117.02,2002,5960 Dixon Loaf Suite 553,Port Cynthiaport,ME,50260,1987-09-27,On Leave
1980,Cynthia,Johnson,cynthia.johnson@wallace.info,2020-06-12,HR Specialist,HR,94513.22,2001,200 Patrick Valleys,New Michael,KS,09716,1996-07-12,Active
1981,Tiffany,Brewer,tiffany.brewer@ho.com,2020-07-13,Project Manager,Sales,105809.83,2002,908 Wendy Mill,West Jenniferstad,AR,01653,1992-11-25,On Leave
1982,Robert,Davis,robert.davis@jenkins.org,2018-10-06,Project Manager,Sales,146805.52,2002,843 Wilson Ports Apt. 513,Wadeland,MD,60960,1971-02-14,Active
1983,Melissa,Townsend,melissa.townsend@mooney.net,2025-07-28,Sales Representative,Analytics,86434.26,2001,31982 Douglas Neck Suite 685,West Bethany,LA,91029,1993-11-29,Inactive
1984,Catherine,Watkins,CATHERINE.WATKINS@MELENDEZ-BARNES.BIZ,2025-02-10,Data Analyst,Marketing,114148.47,2003,378 Stephanie Stravenue,Josephchester,HI,75665,1993-11-08,On Leave
1985,William,Ward,WILLIAM.WARD@WALSH.NET,2016-07-25,PROJECT MANAGER,SALES,54357.07,,09141 Tate Creek,South Michaelside,TN,08469,1998-05-29,Inactive
1986,Sara,Williams,sara.williams@fisher.com,2019-04-17,HR Specialist,IT,85741.06,,99675 Strong Circle,Davidland,SC,75934,1965-11-05,On Leave
1987,Michael,Henry,michael.henry@gonzalez.net,2016-04-01,Project Manager,IT,141102.74,2003,8907 Dunn Key Apt. 568,Laurafort,RI,66723,1992-11-17,On Leave
1988,Michael,Smith,michael.smith@bean-hardin.com,2021-05-16,Sales Representative,Marketing,42014.18,2003,10534 Elijah Plains,Solomonborough,WI,31613,2003-09-04,On Leave
1989,Lance,Harper,lance.harper@wells.org,2025-11-13,Sales Representative,Marketing,"$97,105.34",2002,50591 Diane Corner Suite 819,Port Christopher,NM,01160,1993-09-13,Active
1990,Randy,Burns,randy.burns@randolph-esparza.com,2020-07-30,Sales Representative,HR,92338.99,2003,84396 Joanna Overpass Apt. 719,West David,UT,27548,1960-04-22,On Leave
1991,Matthew,Huffman,matthew.huffman@@company.com,2020-12-02,PROJECT MANAGER,IT,"$116,120.14",2002,43906 Jocelyn Expressway,North Annette,AR,71501,1971-06-01,Active
1992,Sheryl,Price,sheryl.price@roberson-camacho.com,2021-08-22,Project Manager,IT,104438.63,2003,984 Olivia Grove Suite 016,West Alexandra,RI,73398,1976-06-03,On Leave
1993,Frank,Ayers,frank.ayers@bennett.net,2017-03-01,Project Manager,Sales,139533.54,,6513 Sullivan Path Suite 418,Lake Robin,SC,89390,1964-07-01,Active
1994,Nicholas,Decker,nicholas.decker@berger-le.biz,2019-07-10,Software Engineer,Marketing,"$100,608.52",2001,832 Ryan Drive,Smithmouth,ME,53941,1978-12-13,Active
1995,Joshua,Chase,joshua.chase@@company.com,2020-02-02,Sales Representative,Marketing,144534.28,,498 Nicole Port,Baldwinshire,MH,74283,1980-12-02,Active
1996,Justin,Hale,justin.hale@thomas.org,2025-02-05,Project Manager,IT,131415.97,,8106 Matthew Shore Suite 524,Andreafurt,NC,56681,1989-05-14,On Leave
1997,Katherine,Schmidt,katherine.schmidt@larson.com,2022-06-15,Data Analyst,HR,111576.49,2003,1420 Rodriguez Tunnel Apt. 909,Jamestown,AL,48174,2000-07-29,Active
1998,Jeffery,Haynes,jeffery.haynes@murphy-nguyen.info,2026-05-06,hr specialist,ANALYTICS,67881.4,,8309 Bass Island,Port Susantown,DC,58388,1976-05-16,Inactive
1999,Dennis,Harmon,dennis.harmon@green.com,2016-11-23,Project Manager,HR,115753.04,2002,644 Newman Place Apt. 771,Lake Stevenfurt,PA,70973,1971-03-20,Active
2000,Eric,Carson,eric.carson@mejia.com,2018-09-27,HR Specialist,IT,69517.05,2003,99455 Derek Underpass Apt. 282,Danaville,MN,55918,1990-08-31,Inactive
1016,Zachary,Gomez,zachary.gomez@morrow-yang.info,2016-10-26,Sales Representative,IT,132980.75,2001,0697 Jeffrey Spurs Apt. 141,North Joshua,ID,74107,1975-05-15,Inactive
1285,Joshua,Farmer,joshua.farmer@hart.info,2017-06-28,Sales Representative,Sales,72611.24,2003,507 Charlotte Cape Suite 848,Loristad,RI,18354,1992-09-14,On Leave
1095,Kim,Preston,KIM.PRESTON@EDWARDS-KELLER.INFO,2020-05-02,Sales Representative,Analytics,106595.75,2001,85888 Kenneth Ferry,Jamesborough,WV,63530,1985-08-23,Inactive
1868,Lauren,Taylor,lauren.taylor@hill.net,2022-08-15,Project Manager,Analytics,"$49,130.06",,61096 Burton Groves Suite 698,West Jonathon,MT,99577,1986-03-07,On Leave
1427,Jimmy,Long,jimmy.long@baxter-cook.com,2024-09-06,Project Manager,Marketing,"$114,989.73",,342 Hall Rapids,Catherinechester,WY,64336,1960-11-22,Active
1432,Jeffrey,Welch,jeffrey.welch@brown.org,2018-07-12,Project Manager,Marketing,115879.03,2002,423 Alyssa Plaza Suite 135,Barrtown,IL,67925,1963-08-18,Inactive
1406,Scott,Anderson,scott.anderson@nelson.com,2024-02-26,HR SPECIALIST,IT,"$105,085.99",,313 Ashley Falls Apt. 801,West Zachary,RI,18206,1997-08-29,On Leave
1418,Vernon,Blake,,2021-11-14,HR Specialist,HR,48689.39,,1128 Mallory Plains,Mckinneyton,NY,26508,1977-12-16,On Leave
1232,Allison,Horton,allison.horton@rodriguez.com,2023-10-25,Project Manager,Sales,"$50,465.43",,00656 Nguyen Drives,West Justinstad,NC,57124,1963-04-01,Active
1836,Debra,Russell,debra.russell@mullins.com,2025-10-10,Data Analyst,Sales,55912.61,2003,863 Stephanie Lodge,Port Keithland,SD,29763,1975-12-02,Inactive
1358,Donald,Fields,,2025-01-02,Software Engineer,IT,108290.77,2003,90642 Petersen Stream Apt. 243,Alishastad,PW,53910,1979-01-04,On Leave
1305,Brenda,Clark,brenda.clark@gordon.com,2025-05-25,HR SPECIALIST,HR,109909.87,2003,15144 Catherine Pines Apt. 577,Paulton,UT,11958,2001-02-19,Active
1950,Mark,Flores,mark.flores@silva.net,2017-06-01,DATA ANALYST,IT,116174.66,,4828 Kimberly Canyon,Benjaminton,WY,14838,1994-12-02,On Leave
1076,Christine,Chavez,christine@.com,2020-07-31,software engineer,SALES,88996.6,2002,73177 Margaret Glens,Lake Erin,UT,55188,1993-06-26,Active
1172,Janet,Beasley,janet.beasley@pollard-anderson.com,2025-01-04,Data Analyst,Marketing,73213.94,2003,5564 Andrew Manor,Aliciastad,WA,90602,1990-03-18,On Leave
1414,Gerald,Henry,gerald.henry@jackson.com,2024-08-15,SALES REPRESENTATIVE,MARKETING,116093.24,,25463 Emily Brook Apt. 736,Lake Linda,PA,36290,1997-09-03,Active
1837,Thomas,Garcia,thomas.garcia@simpson-dawson.com,2021-05-30,Project Manager,IT,77449.84,2003,8759 Charles Cliffs Apt. 063,East Jennifer,NE,20198,1992-07-01,On Leave
1733,Natalie,Douglas,natalie.douglas@martinez.biz,2017-07-07,Sales Representative,Marketing,90815.56,,7613 Nelson Harbor,Billyport,NY,00903,1966-09-30,Active
1865,Eric,Smith,eric.smith@mcclure-taylor.com,2027-03-26,HR Specialist,Analytics,72042.98,2003,552 Stefanie Underpass Suite 432,Brittneymouth,MS,43803,1973-10-03,On Leave
1897,Ann,Ferrell,ann@.com,2025-12-22,Data Analyst,IT,108983.66,2003,2373 Pamela Turnpike,West Kimberly,WA,77389,1979-12-04,On Leave
